id,first_name,last_name,email,gender,ip_address
1,Bern,Ubsdall,bubsdall0@princeton.edu,Male,141.7.154.52
2,Hyacinth,Machen,hmachen1@youtube.com,Female,99.183.29.121
3,Nettle,Volke,nvolke2@soup.io,Female,162.10.141.203
4,Janis,Scapens,jscapens3@barnesandnoble.com,Female,43.13.201.13
5,Costa,Hansen,chansen4@wordpress.org,Male,13.6.154.79
6,Thorny,Langmaid,tlangmaid5@about.com,Male,6.33.21.11
7,Lenette,Allitt,lallitt6@surveymonkey.com,Female,224.180.231.23
8,Godard,Jendrusch,gjendrusch7@cpanel.net,Male,189.207.85.9
9,Madeleine,Baudy,mbaudy8@narod.ru,Female,138.211.77.172
10,Kent,Danbye,kdanbye9@vistaprint.com,Male,154.32.50.11
11,Meredith,Boecke,mboeckea@goo.gl,Female,178.91.85.215
12,Talbert,Possel,tposselb@engadget.com,Male,49.233.117.224
13,Tirrell,Wellbelove,twellbelovec@cargocollective.com,Male,175.175.1.141
14,Esme,Raddan,eraddand@phpbb.com,Male,95.203.173.16
15,Stephanus,Doyley,sdoyleye@freewebs.com,Male,97.46.0.63
16,Errol,Boldecke,eboldeckef@wordpress.com,Male,254.38.106.146
17,Perceval,Ropkes,propkesg@blogspot.com,Male,202.44.80.1
18,Genna,Dumphry,gdumphryh@tumblr.com,Female,186.121.225.53
19,Justin,Hymor,jhymori@nytimes.com,Male,192.208.219.15
20,Correy,Norrey,cnorreyj@amazon.co.uk,Female,197.9.37.190
21,Daffi,Nesbitt,dnesbittk@omniture.com,Female,52.69.175.6
22,Gerrard,Bishopp,gbishoppl@wikispaces.com,Male,162.171.158.24
23,Delbert,Jackling,djacklingm@twitpic.com,Male,250.101.132.101
24,Corly,Berthon,cberthonn@last.fm,Female,82.113.136.36
25,Dory,Gallamore,dgallamoreo@jalbum.net,Male,66.189.41.235
26,Hilario,Menere,hmenerep@shop-pro.jp,Male,71.102.149.230
27,Devi,Wheelband,dwheelbandq@slate.com,Female,25.119.129.56
28,Paten,Brion,pbrionr@photobucket.com,Male,170.33.22.41
29,Teddi,Kettlestringes,tkettlestringess@twitter.com,Female,73.238.22.33
30,Abramo,Shiers,ashierst@disqus.com,Male,185.113.152.108
31,Rufus,Reeve,rreeveu@google.es,Male,165.76.83.22
32,Barnard,Pexton,bpextonv@miibeian.gov.cn,Male,162.155.198.162
33,Cynthy,Headington,cheadingtonw@twitter.com,Female,112.4.122.183
34,Mechelle,Jordan,mjordanx@google.ca,Female,24.5.34.77
35,Shelley,Carnelley,scarnelleyy@artisteer.com,Male,128.25.169.41
36,Tabb,Easen,teasenz@nature.com,Male,110.105.255.24
37,Milissent,Ferrick,mferrick10@macromedia.com,Female,186.165.159.109
38,Siouxie,Leaf,sleaf11@bloglines.com,Female,54.100.116.77
39,Jewelle,Hodgin,jhodgin12@cdbaby.com,Female,72.6.238.208
40,Frank,De Gregorio,fdegregorio13@wordpress.org,Female,14.73.51.197
41,Rubia,Goodridge,rgoodridge14@comsenz.com,Female,57.85.113.75
42,Constantia,Avarne,cavarne15@hostgator.com,Female,228.16.208.63
43,Ninnetta,Kittiman,nkittiman16@icio.us,Female,232.176.7.93
44,Raine,Brahan,rbrahan17@sohu.com,Female,106.37.83.245
45,Aloysius,Guerrin,aguerrin18@meetup.com,Male,215.244.178.92
46,Jere,Merwe,jmerwe19@earthlink.net,Female,133.211.182.105
47,Willy,Dibben,wdibben1a@nifty.com,Male,144.203.152.203
48,Odessa,Bullick,obullick1b@mtv.com,Female,91.2.232.182
49,Dita,Pashen,dpashen1c@usnews.com,Female,93.166.102.160
50,Emlyn,Catley,ecatley1d@senate.gov,Male,56.46.253.226
51,Natka,Depper,ndepper1e@nyu.edu,Female,193.44.56.41
52,Evered,Camilio,ecamilio1f@miitbeian.gov.cn,Male,249.28.197.129
53,Margareta,Piesold,mpiesold1g@e-recht24.de,Female,79.61.203.27
54,Hadrian,Deeming,hdeeming1h@so-net.ne.jp,Male,74.215.251.5
55,Kain,Bescoby,kbescoby1i@cafepress.com,Male,125.244.224.164
56,Salvatore,Forward,sforward1j@amazonaws.com,Male,188.221.190.214
57,Tracy,Whitehurst,twhitehurst1k@noaa.gov,Male,116.147.119.252
58,Costa,Stickels,cstickels1l@springer.com,Male,14.245.9.56
59,Gavan,Pendred,gpendred1m@cargocollective.com,Male,72.47.69.165
60,Tandy,Cramond,tcramond1n@princeton.edu,Female,145.228.26.21
61,Whit,Chesters,wchesters1o@archive.org,Male,42.211.119.21
62,Augustina,Fallens,afallens1p@newyorker.com,Female,78.5.133.106
63,Bunnie,Lickorish,blickorish1q@mozilla.org,Female,62.58.103.169
64,Riley,McCoish,rmccoish1r@wufoo.com,Male,140.80.37.18
65,Mackenzie,Flintoff,mflintoff1s@wufoo.com,Male,82.187.169.251
66,Guenna,Gianulli,ggianulli1t@networkadvertising.org,Female,52.203.221.151
67,Ara,Androck,aandrock1u@addtoany.com,Male,178.153.149.55
68,Sargent,Quene,squene1v@jugem.jp,Male,243.232.219.33
69,Valaria,Grestie,vgrestie1w@qq.com,Female,137.153.34.114
70,Leanor,Pock,lpock1x@bluehost.com,Female,148.251.100.131
71,Marge,Gildea,mgildea1y@ask.com,Female,69.74.126.40
72,Alonzo,Klausen,aklausen1z@ehow.com,Male,135.42.238.163
73,Donetta,Carryer,dcarryer20@nature.com,Female,169.57.19.143
74,Martina,Lugton,mlugton21@wikipedia.org,Female,209.176.202.194
75,Joela,Pellew,jpellew22@mit.edu,Female,218.100.51.167
76,Bettine,Pedder,bpedder23@tinypic.com,Female,148.93.33.82
77,Zach,Boram,zboram24@mediafire.com,Male,154.184.153.249
78,Gisela,Frediani,gfrediani25@zimbio.com,Female,164.23.117.156
79,Elyn,Lerigo,elerigo26@go.com,Female,167.36.72.137
80,Nolana,Blandford,nblandford27@hexun.com,Female,163.58.148.223
81,Kirk,Drance,kdrance28@indiegogo.com,Male,83.242.216.158
82,Lombard,Matthesius,lmatthesius29@unesco.org,Male,58.1.107.100
83,Terence,Marcus,tmarcus2a@biblegateway.com,Male,156.144.85.159
84,Rolando,Mendus,rmendus2b@squidoo.com,Male,214.98.17.237
85,Ingmar,Trevear,itrevear2c@lulu.com,Male,37.2.62.46
86,Sammy,Thews,sthews2d@wikipedia.org,Female,87.4.176.101
87,Tudor,Hellen,thellen2e@live.com,Male,253.131.33.243
88,Meade,Lyven,mlyven2f@seattletimes.com,Female,30.54.79.237
89,Kirsten,Kunz,kkunz2g@buzzfeed.com,Female,105.228.76.128
90,Bird,Durston,bdurston2h@wp.com,Female,193.8.214.115
91,Siouxie,De Bruijne,sdebruijne2i@bbb.org,Female,83.113.203.211
92,Belicia,Mosedale,bmosedale2j@desdev.cn,Female,109.72.251.226
93,Doug,Messenbird,dmessenbird2k@naver.com,Male,212.85.228.237
94,Lonnard,Baudinot,lbaudinot2l@jigsy.com,Male,38.178.96.141
95,Becky,Moston,bmoston2m@admin.ch,Female,5.21.15.192
96,Delcine,Abbets,dabbets2n@youtu.be,Female,11.183.107.16
97,Federico,Queste,fqueste2o@vistaprint.com,Male,134.27.152.161
98,Harv,Rayworth,hrayworth2p@netvibes.com,Male,71.25.148.186
99,Kinnie,Mc Giffin,kmcgiffin2q@newsvine.com,Male,90.137.139.111
100,Vale,Thonger,vthonger2r@chronoengine.com,Female,100.3.117.181
101,Maryanna,Dunlop,mdunlop2s@instagram.com,Female,179.64.30.181
102,Anatol,McCuffie,amccuffie2t@usda.gov,Male,187.66.24.181
103,Aileen,Vedenisov,avedenisov2u@marriott.com,Female,114.220.202.197
104,Izaak,Ege,iege2v@simplemachines.org,Male,110.201.183.202
105,Dana,Bottoner,dbottoner2w@gmpg.org,Female,196.0.72.221
106,Elvera,Alen,ealen2x@forbes.com,Female,62.53.68.101
107,Dewey,Wrangle,dwrangle2y@csmonitor.com,Male,219.115.196.102
108,Chandler,Cloake,ccloake2z@twitter.com,Male,44.87.206.253
109,Baillie,Price,bprice30@topsy.com,Male,152.192.239.119
110,Darline,Sidnell,dsidnell31@ucoz.ru,Female,14.229.161.20
111,Edithe,Grimsdith,egrimsdith32@tamu.edu,Female,94.243.153.120
112,Hanson,Blundin,hblundin33@accuweather.com,Male,58.50.78.167
113,Ham,Sherel,hsherel34@addtoany.com,Male,71.169.163.237
114,Sonya,Whistlecraft,swhistlecraft35@woothemes.com,Female,48.141.150.140
115,Valentin,MacMichael,vmacmichael36@jiathis.com,Male,107.105.146.3
116,Neil,Hailwood,nhailwood37@yolasite.com,Male,206.127.181.76
117,Kristien,O'Carney,kocarney38@desdev.cn,Female,187.44.1.183
118,Gerome,Slopier,gslopier39@psu.edu,Male,155.18.207.61
119,Godwin,Offa,goffa3a@instagram.com,Male,156.91.170.173
120,Jens,Haldenby,jhaldenby3b@pbs.org,Male,198.88.10.63
121,Danika,Braisted,dbraisted3c@tuttocitta.it,Female,226.6.229.176
122,Lucien,Joanic,ljoanic3d@spotify.com,Male,122.28.91.37
123,Halimeda,Gittoes,hgittoes3e@mac.com,Female,98.123.203.109
124,Amargo,Priditt,apriditt3f@sfgate.com,Female,158.172.131.123
125,Rochette,Glavin,rglavin3g@ftc.gov,Female,143.21.26.223
126,Goddart,Glasner,gglasner3h@omniture.com,Male,151.9.8.141
127,Harald,Shurlock,hshurlock3i@ustream.tv,Male,33.61.179.9
128,Worthington,Charlson,wcharlson3j@harvard.edu,Male,239.136.209.251
129,Tallie,Willoughby,twilloughby3k@com.com,Female,51.181.70.41
130,Trace,Lindup,tlindup3l@wunderground.com,Male,86.110.130.208
131,Latia,Dyers,ldyers3m@youtube.com,Female,107.32.184.30
132,Jasper,Bleasdale,jbleasdale3n@jalbum.net,Male,252.94.68.67
133,Rex,Jaggli,rjaggli3o@soup.io,Male,80.1.91.35
134,Griffith,Babinski,gbabinski3p@mapquest.com,Male,4.208.91.129
135,Maximilianus,Burn,mburn3q@google.fr,Male,188.56.82.249
136,Fredi,Kniveton,fkniveton3r@uol.com.br,Female,194.108.105.168
137,Emelia,Gittoes,egittoes3s@java.com,Female,174.139.119.91
138,Kyrstin,Spindler,kspindler3t@ucoz.ru,Female,216.213.147.228
139,Melisa,Larkin,mlarkin3u@wsj.com,Female,230.121.232.90
140,Angele,Forty,aforty3v@ucla.edu,Female,231.165.169.106
141,Justine,Rymer,jrymer3w@si.edu,Female,83.106.127.58
142,Debbie,Idale,didale3x@narod.ru,Female,187.117.71.121
143,Melloney,Bowater,mbowater3y@storify.com,Female,1.207.228.206
144,Leta,Beament,lbeament3z@umn.edu,Female,8.253.237.41
145,Danny,Klouz,dklouz40@apache.org,Female,58.103.198.72
146,Lavena,Dalliston,ldalliston41@huffingtonpost.com,Female,176.244.37.243
147,Wren,Slamaker,wslamaker42@jimdo.com,Female,49.66.36.195
148,Carr,Pulfer,cpulfer43@techcrunch.com,Male,45.1.251.223
149,Walsh,Khomich,wkhomich44@scientificamerican.com,Male,52.4.69.37
150,Hillier,Kenneford,hkenneford45@businessweek.com,Male,158.50.31.66
151,Catharine,Sagar,csagar46@chron.com,Female,196.129.208.116
152,Far,McNickle,fmcnickle47@wordpress.com,Male,124.180.172.188
153,Annabela,Bertolin,abertolin48@cisco.com,Female,176.173.129.10
154,Ileane,Harragin,iharragin49@uol.com.br,Female,97.96.235.164
155,Chickie,Hansman,chansman4a@timesonline.co.uk,Male,63.184.223.74
156,Catina,Kingcott,ckingcott4b@independent.co.uk,Female,73.221.163.207
157,Claudie,Ginnety,cginnety4c@t.co,Female,158.80.223.175
158,Homerus,Sancto,hsancto4d@google.fr,Male,127.48.231.254
159,Tab,Piburn,tpiburn4e@tamu.edu,Male,72.60.78.168
160,Alice,Parkins,aparkins4f@g.co,Female,229.217.11.226
161,Christiane,Robbey,crobbey4g@state.tx.us,Female,89.117.208.159
162,Frances,Jenner,fjenner4h@reddit.com,Female,36.225.187.167
163,Emmalyn,Hoodless,ehoodless4i@dyndns.org,Female,20.62.136.237
164,Maggy,Bolino,mbolino4j@nymag.com,Female,79.96.203.226
165,Haleigh,Hurley,hhurley4k@cnet.com,Female,59.235.134.36
166,Lanae,Fynan,lfynan4l@gov.uk,Female,181.186.6.204
167,Toby,Carwithan,tcarwithan4m@ucoz.ru,Male,190.180.221.188
168,Cary,Skewis,cskewis4n@va.gov,Male,60.172.53.35
169,Samson,Davall,sdavall4o@toplist.cz,Male,185.79.41.236
170,Torrie,Shearmur,tshearmur4p@addtoany.com,Female,178.86.20.119
171,Langsdon,Ratcliff,lratcliff4q@issuu.com,Male,122.57.118.126
172,Sinclare,Nana,snana4r@auda.org.au,Male,4.41.199.215
173,Dag,O'Fergus,dofergus4s@goodreads.com,Male,241.238.199.127
174,Dinnie,Melsom,dmelsom4t@ycombinator.com,Female,195.58.181.173
175,Bobbie,Gherarducci,bgherarducci4u@google.co.uk,Male,104.5.239.93
176,Harmonia,Lenox,hlenox4v@cmu.edu,Female,222.28.215.134
177,Karry,Tithacott,ktithacott4w@studiopress.com,Female,157.240.42.28
178,Roderic,Perritt,rperritt4x@sohu.com,Male,60.230.23.127
179,Zacharia,Dickson,zdickson4y@github.io,Male,37.65.47.191
180,Elmer,Pountney,epountney4z@multiply.com,Male,131.107.240.171
181,Feliza,Hatherell,fhatherell50@hhs.gov,Female,175.248.192.51
182,Alfreda,Sweatland,asweatland51@chron.com,Female,160.17.189.110
183,Zaccaria,Gapper,zgapper52@kickstarter.com,Male,8.93.74.18
184,Albertina,Sogg,asogg53@exblog.jp,Female,56.232.150.222
185,Cris,Loweth,cloweth54@nydailynews.com,Female,169.196.205.116
186,Cherice,Ipsgrave,cipsgrave55@telegraph.co.uk,Female,50.46.163.94
187,Glenine,Coldbath,gcoldbath56@chicagotribune.com,Female,91.94.170.238
188,Fran,Poulglais,fpoulglais57@psu.edu,Male,119.199.170.112
189,Emma,Kerswill,ekerswill58@cbslocal.com,Female,233.122.90.125
190,Kakalina,Cantos,kcantos59@ameblo.jp,Female,122.253.191.34
191,Amabel,Grinishin,agrinishin5a@ovh.net,Female,60.110.179.239
192,Dniren,Muskett,dmuskett5b@cnet.com,Female,96.208.121.72
193,Maridel,Guyver,mguyver5c@theglobeandmail.com,Female,226.168.76.75
194,Eran,Michal,emichal5d@indiegogo.com,Female,22.111.241.193
195,Harry,Barfford,hbarfford5e@narod.ru,Male,5.114.222.145
196,Gilburt,Willcott,gwillcott5f@elegantthemes.com,Male,46.89.177.238
197,Michele,Killerby,mkillerby5g@tamu.edu,Female,202.228.42.74
198,Broddie,Flisher,bflisher5h@ezinearticles.com,Male,187.95.15.39
199,Gaby,Filyashin,gfilyashin5i@hugedomains.com,Female,180.226.0.23
200,Sammie,Biskupski,sbiskupski5j@cdc.gov,Male,54.147.106.254
201,Nilson,Heales,nheales5k@gnu.org,Male,80.200.253.75
202,Madeleine,Couling,mcouling5l@etsy.com,Female,16.17.244.132
203,Donielle,Prestney,dprestney5m@cam.ac.uk,Female,27.78.74.21
204,Gerda,Robillart,grobillart5n@omniture.com,Female,155.205.157.151
205,Alfy,Mabb,amabb5o@simplemachines.org,Male,93.140.111.138
206,Rourke,MacCumiskey,rmaccumiskey5p@github.io,Male,126.51.175.171
207,Kaela,Skoof,kskoof5q@pen.io,Female,3.6.37.123
208,Monti,Haslehurst,mhaslehurst5r@ted.com,Male,187.123.123.156
209,Joey,Moyce,jmoyce5s@tinyurl.com,Female,76.218.138.121
210,Carlota,Iacovaccio,ciacovaccio5t@walmart.com,Female,38.176.11.199
211,Brant,Sanper,bsanper5u@myspace.com,Male,237.110.217.142
212,Evita,Celloni,ecelloni5v@constantcontact.com,Female,101.111.202.183
213,Martin,Linbohm,mlinbohm5w@furl.net,Male,59.60.162.27
214,Rudd,Hylands,rhylands5x@vimeo.com,Male,217.168.60.78
215,Skye,Horbath,shorbath5y@baidu.com,Male,30.175.78.162
216,Yorke,Figgs,yfiggs5z@diigo.com,Male,225.34.83.84
217,Wilbert,Peirazzi,wpeirazzi60@wix.com,Male,196.248.190.97
218,Sarena,Mouget,smouget61@latimes.com,Female,154.101.103.69
219,Rex,Ramos,rramos62@blogtalkradio.com,Male,176.24.186.131
220,Pete,Cicetti,pcicetti63@cdc.gov,Male,240.15.161.149
221,Anestassia,Rigden,arigden64@discuz.net,Female,220.229.195.54
222,Rana,Bickerton,rbickerton65@twitpic.com,Female,208.40.34.40
223,Rube,Nutbeam,rnutbeam66@mlb.com,Male,201.227.249.80
224,Yoshi,Roblett,yroblett67@seesaa.net,Female,101.208.90.8
225,Ermin,Spelman,espelman68@shinystat.com,Male,66.21.139.182
226,Jaquelyn,McPhillips,jmcphillips69@tiny.cc,Female,181.117.250.221
227,Lotty,Matejic,lmatejic6a@merriam-webster.com,Female,57.39.199.45
228,Sella,Alekseicik,salekseicik6b@instagram.com,Female,121.156.29.49
229,Clarabelle,Lavigne,clavigne6c@usatoday.com,Female,129.149.24.255
230,Christian,Zupone,czupone6d@usnews.com,Male,40.169.194.48
231,Merrill,Firpo,mfirpo6e@parallels.com,Male,87.35.49.158
232,Zebedee,Albery,zalbery6f@drupal.org,Male,88.246.210.81
233,Brien,Bibb,bbibb6g@narod.ru,Male,211.245.220.105
234,Demetris,Costen,dcosten6h@businessinsider.com,Male,79.213.36.145
235,Keir,Achromov,kachromov6i@free.fr,Male,14.161.156.93
236,Guido,Schaffel,gschaffel6j@surveymonkey.com,Male,230.162.96.6
237,Janine,Gosnold,jgosnold6k@discovery.com,Female,35.184.190.38
238,Normand,Kermon,nkermon6l@msn.com,Male,89.56.6.112
239,Mina,Thake,mthake6m@japanpost.jp,Female,249.209.70.53
240,Marcia,Worlidge,mworlidge6n@google.de,Female,195.46.201.250
241,Elene,Lengthorn,elengthorn6o@1688.com,Female,50.107.189.64
242,Ruth,Mahody,rmahody6p@cnbc.com,Female,39.130.226.210
243,Loralie,Ipwell,lipwell6q@wisc.edu,Female,105.243.38.122
244,Vera,Bellanger,vbellanger6r@paginegialle.it,Female,96.27.195.99
245,Zara,Chrismas,zchrismas6s@nature.com,Female,173.192.228.79
246,Cathyleen,Aubert,caubert6t@ask.com,Female,235.124.128.120
247,Marguerite,Beaby,mbeaby6u@comcast.net,Female,217.42.83.190
248,Maximo,Juett,mjuett6v@fema.gov,Male,108.172.253.81
249,Merv,Belly,mbelly6w@sourceforge.net,Male,111.44.169.92
250,Koo,Karlicek,kkarlicek6x@cargocollective.com,Female,126.174.146.250
251,Trace,Lydon,tlydon6y@tinypic.com,Male,193.1.150.26
252,Clarice,Kite,ckite6z@exblog.jp,Female,197.17.245.69
253,Dex,Bousler,dbousler70@dailymail.co.uk,Male,235.52.133.63
254,Johann,Gartshore,jgartshore71@sourceforge.net,Male,93.130.64.175
255,Reade,Pringle,rpringle72@patch.com,Male,56.172.88.138
256,Kenna,Dumberrill,kdumberrill73@w3.org,Female,162.11.219.77
257,Babbette,Kitchenman,bkitchenman74@wix.com,Female,216.237.66.125
258,Miranda,Eldritt,meldritt75@ebay.com,Female,102.196.219.9
259,Imogen,Masson,imasson76@mozilla.org,Female,185.110.49.169
260,Camila,Sanpher,csanpher77@ucsd.edu,Female,34.62.39.212
261,Beulah,Stroban,bstroban78@ucoz.ru,Female,166.213.68.161
262,Giustina,Avieson,gavieson79@angelfire.com,Female,0.248.90.155
263,Andonis,Noar,anoar7a@domainmarket.com,Male,230.88.6.190
264,Marcos,Mungan,mmungan7b@pcworld.com,Male,246.241.236.217
265,Penelope,Offord,pofford7c@github.com,Female,111.103.151.89
266,Perren,Arguile,parguile7d@kickstarter.com,Male,91.52.25.90
267,Hermann,Vanner,hvanner7e@oakley.com,Male,12.117.254.238
268,Kameko,Riddell,kriddell7f@stumbleupon.com,Female,71.67.37.234
269,Allyn,Domney,adomney7g@ca.gov,Female,239.241.54.22
270,Claudetta,De Simone,cdesimone7h@ucoz.com,Female,141.96.251.178
271,Cchaddie,Enochsson,cenochsson7i@engadget.com,Male,137.72.102.210
272,Lita,Keningley,lkeningley7j@wikispaces.com,Female,199.16.23.106
273,Angelia,Reilly,areilly7k@ucoz.ru,Female,97.64.114.108
274,Brenda,Oppery,boppery7l@google.com,Female,190.190.172.189
275,Garfield,Kail,gkail7m@nps.gov,Male,0.167.162.82
276,Florella,Wint,fwint7n@yolasite.com,Female,176.72.90.44
277,Brantley,Lyddon,blyddon7o@multiply.com,Male,104.171.208.94
278,Kelby,McCarry,kmccarry7p@scribd.com,Male,137.78.22.188
279,Cassie,Basnett,cbasnett7q@mediafire.com,Female,52.235.147.211
280,Rourke,Erridge,rerridge7r@rakuten.co.jp,Male,22.107.188.229
281,Brandi,Ianelli,bianelli7s@springer.com,Female,15.146.36.114
282,Annette,Wilcock,awilcock7t@sakura.ne.jp,Female,162.176.172.18
283,Patrizius,Keningley,pkeningley7u@irs.gov,Male,60.66.78.67
284,Tamas,Korda,tkorda7v@imgur.com,Male,109.183.124.63
285,Lisbeth,Attenbrough,lattenbrough7w@comcast.net,Female,156.53.212.134
286,Nomi,Gordon,ngordon7x@go.com,Female,199.189.135.120
287,Boyce,Van Cassel,bvancassel7y@parallels.com,Male,153.195.237.205
288,Gayle,Sporton,gsporton7z@weibo.com,Male,141.162.211.116
289,Salmon,Hollebon,shollebon80@amazonaws.com,Male,91.73.191.37
290,Blinni,Addicote,baddicote81@cmu.edu,Female,95.234.80.17
291,Jsandye,Spedroni,jspedroni82@github.com,Female,193.166.145.217
292,Lorin,Newbury,lnewbury83@vkontakte.ru,Male,210.69.0.47
293,Sondra,Stredwick,sstredwick84@mit.edu,Female,42.114.224.79
294,Beaufort,Mowbray,bmowbray85@sakura.ne.jp,Male,178.178.170.82
295,Sunshine,Smillie,ssmillie86@mozilla.com,Female,107.53.31.96
296,Ingaborg,Dinsmore,idinsmore87@reference.com,Female,14.85.233.184
297,Reed,Awin,rawin88@google.com.au,Male,197.45.155.10
298,Alene,Bortoluzzi,abortoluzzi89@sogou.com,Female,25.115.9.98
299,Gaye,Hilland,ghilland8a@sitemeter.com,Female,172.165.172.86
300,Shannen,Camacke,scamacke8b@discuz.net,Female,247.146.158.138
301,Willy,Wickens,wwickens8c@merriam-webster.com,Female,243.2.247.102
302,Nickolaus,Willshee,nwillshee8d@wikipedia.org,Male,62.155.114.223
303,Brand,Staries,bstaries8e@comcast.net,Male,52.185.94.87
304,Thurstan,Danielsson,tdanielsson8f@miibeian.gov.cn,Male,191.125.63.230
305,Naoma,Woodthorpe,nwoodthorpe8g@pinterest.com,Female,223.104.233.243
306,Zarla,Ockendon,zockendon8h@csmonitor.com,Female,55.170.69.87
307,Filberte,Dahlgren,fdahlgren8i@epa.gov,Male,242.241.19.211
308,Gerhardine,Andrichak,gandrichak8j@networkadvertising.org,Female,192.99.195.32
309,Paige,Hoggetts,phoggetts8k@amazon.co.uk,Female,33.177.1.42
310,Kellia,Andrivot,kandrivot8l@hao123.com,Female,225.118.19.161
311,Kendal,Martineau,kmartineau8m@mapquest.com,Male,143.248.204.2
312,Merwyn,Andreolli,mandreolli8n@economist.com,Male,63.97.143.251
313,Lyell,Ceillier,lceillier8o@abc.net.au,Male,153.17.176.234
314,Sinclare,Mathan,smathan8p@mail.ru,Male,189.94.255.132
315,Rosy,Attock,rattock8q@github.io,Female,23.121.33.20
316,Leona,Espie,lespie8r@imageshack.us,Female,5.79.56.251
317,Georgina,Allbon,gallbon8s@webs.com,Female,139.123.113.13
318,Virgie,Mathwen,vmathwen8t@admin.ch,Female,142.208.73.128
319,Alane,Anker,aanker8u@guardian.co.uk,Female,27.149.218.30
320,Itch,Trewhella,itrewhella8v@techcrunch.com,Male,144.183.49.219
321,Gerrie,Lockney,glockney8w@altervista.org,Male,244.8.102.230
322,Brice,Brussels,bbrussels8x@lulu.com,Male,156.195.235.211
323,Joachim,Epton,jepton8y@bbc.co.uk,Male,121.127.31.93
324,Vitoria,Wickwar,vwickwar8z@mail.ru,Female,227.100.187.11
325,Becki,Jewis,bjewis90@godaddy.com,Female,141.7.51.42
326,Eleni,Secrett,esecrett91@umn.edu,Female,30.219.119.38
327,Monte,Glasson,mglasson92@acquirethisname.com,Male,156.75.174.220
328,Concordia,Padmore,cpadmore93@fda.gov,Female,99.8.90.189
329,Natalya,Ruspine,nruspine94@squidoo.com,Female,243.184.127.81
330,Kelley,Edworthie,kedworthie95@uiuc.edu,Male,48.179.17.114
331,Caleb,Packe,cpacke96@issuu.com,Male,184.30.192.236
332,Tami,Pearson,tpearson97@google.nl,Female,129.99.194.84
333,See,Gocher,sgocher98@purevolume.com,Male,204.1.149.183
334,Lauralee,Deas,ldeas99@discuz.net,Female,232.41.171.255
335,Bevan,Noorwood,bnoorwood9a@lycos.com,Male,125.154.182.51
336,Silvana,Tate,state9b@xinhuanet.com,Female,245.109.189.144
337,Binnie,Twell,btwell9c@fc2.com,Female,222.98.145.109
338,Ealasaid,Catlette,ecatlette9d@indiatimes.com,Female,67.0.85.85
339,Alissa,Orpin,aorpin9e@slideshare.net,Female,9.101.156.28
340,Melvyn,Sanbroke,msanbroke9f@wikispaces.com,Male,238.165.114.180
341,Arin,Giovannazzi,agiovannazzi9g@rediff.com,Male,168.224.42.14
342,Quincy,Hestrop,qhestrop9h@multiply.com,Male,96.214.8.210
343,Carley,Dyshart,cdyshart9i@joomla.org,Female,5.157.234.163
344,Jephthah,Schutze,jschutze9j@sina.com.cn,Male,248.25.161.183
345,Ax,Bloss,abloss9k@blogs.com,Male,187.60.205.203
346,Janenna,Crome,jcrome9l@reverbnation.com,Female,95.161.50.135
347,Karin,Moakson,kmoakson9m@deliciousdays.com,Female,184.125.4.151
348,Doris,Lobley,dlobley9n@sciencedaily.com,Female,26.194.167.230
349,Giulietta,Malimoe,gmalimoe9o@sfgate.com,Female,159.94.249.151
350,Alisha,Ferier,aferier9p@webs.com,Female,208.190.253.69
351,Jacques,Lordon,jlordon9q@telegraph.co.uk,Male,132.4.170.152
352,Lutero,Dysert,ldysert9r@toplist.cz,Male,121.26.247.224
353,Sansone,Gallardo,sgallardo9s@51.la,Male,185.163.19.2
354,Henrik,Stephenson,hstephenson9t@amazon.co.jp,Male,190.89.21.173
355,Maggi,McPeice,mmcpeice9u@rediff.com,Female,78.194.56.241
356,Kerwinn,Gleasane,kgleasane9v@prnewswire.com,Male,103.112.223.139
357,Robb,Loveitt,rloveitt9w@google.nl,Male,254.9.190.148
358,Raynard,Eede,reede9x@java.com,Male,131.98.41.110
359,Juditha,Charrette,jcharrette9y@twitpic.com,Female,165.216.202.145
360,Alexei,Roakes,aroakes9z@cdc.gov,Male,42.16.74.235
361,Benjamin,Jope,bjopea0@ihg.com,Male,222.222.9.241
362,Shane,Jesteco,sjestecoa1@wordpress.org,Female,242.196.32.205
363,Marchelle,Romanini,mromaninia2@amazonaws.com,Female,13.29.248.213
364,Margaux,Scourge,mscourgea3@typepad.com,Female,10.57.52.250
365,Sonya,Iacovo,siacovoa4@alibaba.com,Female,170.92.206.32
366,Joana,Dixcee,jdixceea5@eepurl.com,Female,191.170.87.163
367,Nanete,Kosel,nkosela6@techcrunch.com,Female,188.47.242.114
368,Mariette,Vondrach,mvondracha7@wikimedia.org,Female,237.0.216.90
369,Cassey,Standall,cstandalla8@ft.com,Female,116.170.81.100
370,Claudie,McQuade,cmcquadea9@mapy.cz,Female,64.47.161.41
371,Halley,Ruppel,hruppelaa@ucla.edu,Female,176.202.184.154
372,Finn,Hamprecht,fhamprechtab@wisc.edu,Male,6.151.116.130
373,Adria,Barthram,abarthramac@wisc.edu,Female,201.12.109.46
374,Corty,Bellinger,cbellingerad@360.cn,Male,192.42.146.5
375,Adrianna,Lynnett,alynnettae@census.gov,Female,198.157.104.236
376,Ronalda,Wisham,rwishamaf@scribd.com,Female,200.175.191.15
377,Cate,Matuszewski,cmatuszewskiag@spotify.com,Female,141.163.89.227
378,Jourdain,Tebald,jtebaldah@umich.edu,Male,231.85.217.69
379,Dennison,Gallagher,dgallagherai@arstechnica.com,Male,43.140.177.115
380,Andrea,Samett,asamettaj@geocities.com,Female,21.146.176.193
381,Willey,Munford,wmunfordak@miibeian.gov.cn,Male,8.117.158.181
382,Had,Hayman,hhaymanal@paypal.com,Male,62.100.13.239
383,Jeana,Simner,jsimneram@desdev.cn,Female,181.132.102.170
384,Sven,Pittem,spitteman@illinois.edu,Male,43.211.155.184
385,Drucill,Peregrine,dperegrineao@slideshare.net,Female,234.129.155.180
386,Shaun,Hardison,shardisonap@ucoz.ru,Male,111.193.251.34
387,Ferdinand,Mingardi,fmingardiaq@reddit.com,Male,43.94.224.54
388,Osbourne,Nairn,onairnar@rakuten.co.jp,Male,215.253.157.143
389,Dugald,Livermore,dlivermoreas@newyorker.com,Male,179.111.239.52
390,Karlis,Marflitt,kmarflittat@google.es,Male,254.53.77.99
391,Reg,Village,rvillageau@cargocollective.com,Male,160.136.201.85
392,Yardley,Parkeson,yparkesonav@dailymotion.com,Male,44.9.241.12
393,Abigail,Hurford,ahurfordaw@soup.io,Female,8.200.179.188
394,Wilden,Ogilby,wogilbyax@csmonitor.com,Male,238.151.102.21
395,Deny,Boaler,dboaleray@hud.gov,Female,81.213.41.164
396,Leslie,Bothbie,lbothbieaz@pagesperso-orange.fr,Male,184.69.105.198
397,Jenna,Moralee,jmoraleeb0@cyberchimps.com,Female,221.114.116.45
398,Rosabelle,Ximenez,rximenezb1@1und1.de,Female,116.178.148.128
399,Darius,Halliburton,dhalliburtonb2@hc360.com,Male,153.201.199.163
400,Boote,Stronach,bstronachb3@yahoo.com,Male,156.205.48.124
401,Glynnis,Rapp,grappb4@hp.com,Female,224.5.213.234
402,Trix,Janovsky,tjanovskyb5@photobucket.com,Female,242.201.219.157
403,Lemar,Westcarr,lwestcarrb6@zimbio.com,Male,230.78.233.56
404,Ursala,Linkie,ulinkieb7@geocities.com,Female,156.79.117.80
405,Tessie,Gatenby,tgatenbyb8@cdbaby.com,Female,104.5.198.120
406,Petronia,Gaskal,pgaskalb9@fc2.com,Female,199.22.216.193
407,Paddie,Aikin,paikinba@i2i.jp,Male,202.240.114.226
408,Leonid,Quinnell,lquinnellbb@wikipedia.org,Male,137.174.3.104
409,Milo,Yakolev,myakolevbc@ebay.com,Male,222.19.89.95
410,Lorilee,Arkil,larkilbd@vistaprint.com,Female,93.69.35.192
411,Nanete,Doman,ndomanbe@desdev.cn,Female,167.30.166.51
412,Dita,Gercken,dgerckenbf@quantcast.com,Female,203.32.195.75
413,Kym,Matterdace,kmatterdacebg@blogs.com,Female,34.207.149.34
414,Amara,Zannelli,azannellibh@marriott.com,Female,19.188.169.229
415,Bartram,Yude,byudebi@ovh.net,Male,48.224.100.165
416,Jeni,Southcombe,jsouthcombebj@skype.com,Female,192.183.7.244
417,Ann-marie,Ockwell,aockwellbk@joomla.org,Female,208.93.231.94
418,Sigismondo,Gringley,sgringleybl@newsvine.com,Male,216.74.109.175
419,Nata,Storck,nstorckbm@de.vu,Female,31.83.254.156
420,Massimiliano,Loram,mlorambn@nba.com,Male,22.150.176.106
421,Foster,Vaughten,fvaughtenbo@about.me,Male,231.238.24.228
422,Mohandis,Maylott,mmaylottbp@ucsd.edu,Male,53.8.208.131
423,Lauralee,Kintish,lkintishbq@xing.com,Female,103.249.43.36
424,Neale,Fenix,nfenixbr@marketwatch.com,Male,59.251.193.249
425,Pierson,L'Hommeau,plhommeaubs@xinhuanet.com,Male,31.227.22.189
426,Janella,Scotchmoor,jscotchmoorbt@foxnews.com,Female,174.87.241.170
427,Helen,Alflatt,halflattbu@aol.com,Female,152.6.94.156
428,Yasmin,Bampforth,ybampforthbv@tumblr.com,Female,102.107.7.4
429,Dory,Olivey,doliveybw@webmd.com,Female,198.30.12.126
430,Haleigh,Patient,hpatientbx@rambler.ru,Male,9.90.212.50
431,Linnie,Jeskin,ljeskinby@tuttocitta.it,Female,226.221.36.53
432,Dalia,Bischoff,dbischoffbz@pagesperso-orange.fr,Female,120.100.104.80
433,Filippo,Wix,fwixc0@ifeng.com,Male,189.165.177.58
434,Ginnifer,Sarll,gsarllc1@slideshare.net,Female,30.4.104.141
435,Wallache,Rounsefull,wrounsefullc2@cmu.edu,Male,248.33.197.186
436,Olivia,Kunisch,okunischc3@bluehost.com,Female,255.168.193.79
437,Jilleen,Boerderman,jboerdermanc4@baidu.com,Female,46.48.137.12
438,Samuel,Lingley,slingleyc5@opera.com,Male,204.60.94.255
439,Dotty,Feldhammer,dfeldhammerc6@newyorker.com,Female,227.187.211.12
440,Ermanno,Westall,ewestallc7@apple.com,Male,6.220.188.211
441,Borden,Sebright,bsebrightc8@scribd.com,Male,230.136.71.63
442,Elvin,Lathom,elathomc9@xrea.com,Male,225.68.62.23
443,Emilie,Klebes,eklebesca@nydailynews.com,Female,176.250.203.255
444,Janna,Josowitz,jjosowitzcb@fotki.com,Female,124.129.133.253
445,Merrie,Morling,mmorlingcc@umn.edu,Female,101.172.71.28
446,Langston,Clayill,lclayillcd@dion.ne.jp,Male,44.150.40.67
447,Fabio,Doley,fdoleyce@cafepress.com,Male,71.3.237.218
448,Miguelita,Hadlee,mhadleecf@auda.org.au,Female,33.210.55.206
449,Ferdy,Pocknoll,fpocknollcg@netscape.com,Male,54.210.198.46
450,Othilie,Imlaw,oimlawch@typepad.com,Female,183.69.23.172
451,Roarke,Benton,rbentonci@blogs.com,Male,223.186.132.224
452,Winni,Tomasek,wtomasekcj@nhs.uk,Female,133.56.112.235
453,Stacy,Dunckley,sdunckleyck@deviantart.com,Female,107.116.148.108
454,Della,Elwell,delwellcl@simplemachines.org,Female,185.202.157.105
455,Yank,Burchett,yburchettcm@slashdot.org,Male,198.227.17.195
456,Bennie,Beviss,bbevisscn@loc.gov,Female,10.151.80.9
457,Bourke,Snookes,bsnookesco@pcworld.com,Male,56.36.216.181
458,Nerti,Braxton,nbraxtoncp@edublogs.org,Female,149.138.211.39
459,Wait,Lukasen,wlukasencq@dot.gov,Male,202.193.103.192
460,Dorey,Parkhouse,dparkhousecr@blogtalkradio.com,Female,95.125.79.242
461,Kristin,Fursland,kfurslandcs@cnbc.com,Female,14.124.21.4
462,Jessi,Wheadon,jwheadonct@1688.com,Female,212.97.254.45
463,Blisse,Balle,bballecu@seesaa.net,Female,173.206.96.181
464,Gael,Colbron,gcolbroncv@posterous.com,Male,248.36.87.206
465,Chester,Paradis,cparadiscw@usnews.com,Male,20.129.102.49
466,James,Gavigan,jgavigancx@sciencedirect.com,Male,88.45.234.86
467,Hank,Headland,hheadlandcy@nifty.com,Male,78.229.159.141
468,Morgan,Spuner,mspunercz@rambler.ru,Female,191.128.220.85
469,Aldous,Kuhlmey,akuhlmeyd0@java.com,Male,108.216.179.68
470,Eric,Sterrie,esterried1@networksolutions.com,Male,39.142.133.128
471,Isabel,Buff,ibuffd2@smugmug.com,Female,233.93.15.137
472,Dahlia,Benka,dbenkad3@harvard.edu,Female,76.50.42.92
473,Siffre,Gouldeby,sgouldebyd4@slate.com,Male,217.191.28.15
474,Prue,Theuff,ptheuffd5@china.com.cn,Female,166.134.203.124
475,Judd,Colbertson,jcolbertsond6@phpbb.com,Male,125.0.223.191
476,Bea,Behan,bbehand7@businessinsider.com,Female,47.136.194.157
477,Regen,Jeyness,rjeynessd8@ted.com,Male,151.76.2.12
478,Elston,Flinders,eflindersd9@wikispaces.com,Male,67.11.125.40
479,Stacy,Wilcot,swilcotda@google.cn,Male,147.158.232.141
480,Torrin,Ridhole,tridholedb@amazon.de,Male,95.206.105.143
481,Townie,Nary,tnarydc@yelp.com,Male,16.162.155.176
482,Benjie,Manntschke,bmanntschkedd@usgs.gov,Male,97.142.120.222
483,Moyra,Coakley,mcoakleyde@sphinn.com,Female,120.207.133.231
484,Ottilie,Karlsen,okarlsendf@hc360.com,Female,228.122.26.137
485,Zebadiah,Scay,zscaydg@usnews.com,Male,25.255.253.219
486,Gage,Haresnape,gharesnapedh@loc.gov,Male,169.250.21.45
487,Matthias,Bendell,mbendelldi@google.com.br,Male,160.217.60.79
488,Abie,Santoro,asantorodj@163.com,Male,136.138.159.115
489,Merrel,Treker,mtrekerdk@amazon.co.uk,Male,63.59.147.142
490,Alyss,Oxshott,aoxshottdl@whitehouse.gov,Female,137.116.201.175
491,Cazzie,Chelsom,cchelsomdm@auda.org.au,Male,93.122.187.119
492,Wallache,Erdes,werdesdn@toplist.cz,Male,80.167.63.115
493,Vernon,Weatherup,vweatherupdo@virginia.edu,Male,238.200.253.29
494,Jule,Maykin,jmaykindp@plala.or.jp,Male,120.165.75.100
495,Chadd,Haddrill,chaddrilldq@paypal.com,Male,255.255.119.37
496,Ronny,Denniston,rdennistondr@usa.gov,Male,244.142.86.98
497,Sim,Bowne,sbowneds@toplist.cz,Male,136.215.197.72
498,Abeu,Kither,akitherdt@nationalgeographic.com,Male,48.193.150.74
499,Jacky,Denslow,jdenslowdu@pinterest.com,Male,83.49.146.232
500,Tannie,Renol,trenoldv@eventbrite.com,Male,137.122.179.242
501,Lindsay,Loftus,lloftusdw@ca.gov,Female,146.53.215.240
502,Nathaniel,Smallbone,nsmallbonedx@instagram.com,Male,120.114.49.171
503,Boniface,Petters,bpettersdy@ucsd.edu,Male,37.203.207.110
504,Reeta,Laurie,rlauriedz@geocities.com,Female,106.117.52.159
505,Erika,Reoch,ereoche0@flickr.com,Female,243.170.216.77
506,Kelcy,Mac Giolla Pheadair,kmacgiollapheadaire1@nasa.gov,Female,147.212.218.125
507,Bjorn,Saveall,bsavealle2@mysql.com,Male,173.23.45.50
508,Mersey,Freathy,mfreathye3@boston.com,Female,183.152.5.129
509,Dorri,Vanner,dvannere4@google.co.jp,Female,164.235.82.19
510,Curran,Glanester,cglanestere5@delicious.com,Male,199.106.207.193
511,Teresita,Dendle,tdendlee6@state.tx.us,Female,140.54.89.156
512,Florie,Zollner,fzollnere7@hud.gov,Female,10.234.192.227
513,Deane,Kelwaybamber,dkelwaybambere8@cnbc.com,Female,73.196.116.236
514,Caryl,Duffield,cduffielde9@paypal.com,Male,50.83.13.109
515,Delbert,Lieb,dliebea@mashable.com,Male,234.249.135.4
516,Angelle,Avramovic,aavramoviceb@geocities.com,Female,61.30.47.182
517,Olin,Ithell,oithellec@theguardian.com,Male,237.8.0.58
518,Felecia,Crossan,fcrossaned@wikimedia.org,Female,179.126.89.103
519,Weidar,Bossingham,wbossinghamee@sogou.com,Male,37.115.55.7
520,Misha,Pulfer,mpulferef@oaic.gov.au,Female,152.77.102.199
521,Larisa,Eayres,leayreseg@ca.gov,Female,196.90.121.166
522,Alejandrina,Burges,aburgeseh@nps.gov,Female,9.63.78.224
523,Lynelle,Eastcourt,leastcourtei@homestead.com,Female,28.150.60.154
524,Ramsey,Brawley,rbrawleyej@bbb.org,Male,19.154.56.92
525,Lanny,Firle,lfirleek@rakuten.co.jp,Male,221.96.49.98
526,Alvin,Degli Abbati,adegliabbatiel@furl.net,Male,104.255.93.205
527,Garth,Grima,ggrimaem@ftc.gov,Male,40.198.37.86
528,Theo,Dorro,tdorroen@opera.com,Female,92.244.167.22
529,Maddie,Dowglass,mdowglasseo@pen.io,Male,168.104.239.167
530,Dilly,MacRory,dmacroryep@yellowpages.com,Male,101.121.108.169
531,Mindy,Souch,msoucheq@bloomberg.com,Female,103.133.4.210
532,Sterling,Arents,sarentser@state.tx.us,Male,28.117.196.63
533,Rube,Rowe,rrowees@mayoclinic.com,Male,27.135.103.121
534,Pierette,Klewer,pkleweret@scientificamerican.com,Female,242.180.160.121
535,Vinson,Rosenzwig,vrosenzwigeu@dot.gov,Male,29.170.234.82
536,Maurizio,Jozsika,mjozsikaev@netvibes.com,Male,232.55.38.152
537,Lin,Haycock,lhaycockew@ow.ly,Male,27.79.185.203
538,Nicky,Haxby,nhaxbyex@marketwatch.com,Female,175.236.47.16
539,Clementine,Wicklen,cwickleney@imgur.com,Female,249.222.79.101
540,Saxe,Tellesson,stellessonez@dyndns.org,Male,17.44.253.123
541,Clem,Gadesby,cgadesbyf0@globo.com,Female,27.246.200.102
542,Page,Persitt,ppersittf1@disqus.com,Female,55.214.144.68
543,Teresita,Finnick,tfinnickf2@hhs.gov,Female,2.171.92.143
544,Hugibert,Dizlie,hdizlief3@berkeley.edu,Male,248.69.32.44
545,Elnar,Wakelin,ewakelinf4@spotify.com,Male,38.200.67.246
546,Ollie,Satterley,osatterleyf5@rakuten.co.jp,Male,136.106.134.132
547,Lorant,Creeghan,lcreeghanf6@sphinn.com,Male,152.6.173.254
548,Sayers,Condon,scondonf7@google.nl,Male,32.244.234.244
549,Michale,Marioneau,mmarioneauf8@exblog.jp,Male,215.198.174.213
550,Clem,Shillum,cshillumf9@mysql.com,Male,242.1.205.51
551,Page,Magenny,pmagennyfa@odnoklassniki.ru,Male,153.251.238.88
552,Gannon,Swinerd,gswinerdfb@hostgator.com,Male,47.14.134.130
553,Rabbi,Byard,rbyardfc@hhs.gov,Male,217.152.170.93
554,Carline,Le Friec,clefriecfd@ftc.gov,Female,156.192.27.161
555,Jennica,Wildes,jwildesfe@nature.com,Female,19.112.47.174
556,Vonnie,Arnaez,varnaezff@purevolume.com,Female,102.75.163.249
557,Chanda,Stapleford,cstaplefordfg@icq.com,Female,119.226.231.167
558,Zilvia,Castillou,zcastilloufh@ted.com,Female,124.254.22.8
559,Garner,Redbourn,gredbournfi@lycos.com,Male,246.150.103.217
560,Dennie,Rein,dreinfj@jimdo.com,Male,179.228.160.52
561,Janey,Dennington,jdenningtonfk@nytimes.com,Female,212.194.45.17
562,Brennan,Stronough,bstronoughfl@pcworld.com,Male,197.77.74.62
563,Kati,Waters,kwatersfm@telegraph.co.uk,Female,137.150.12.84
564,Elenore,Paterson,epatersonfn@fastcompany.com,Female,67.134.79.237
565,Brittaney,Pardoe,bpardoefo@alibaba.com,Female,159.146.162.234
566,Randi,Guerner,rguernerfp@digg.com,Female,24.232.218.16
567,Elianore,Dohmer,edohmerfq@kickstarter.com,Female,95.198.141.126
568,Sylvester,Pountney,spountneyfr@livejournal.com,Male,246.53.69.143
569,Arlie,Scamaden,ascamadenfs@blog.com,Female,141.53.12.207
570,Babbette,Prickett,bprickettft@ucsd.edu,Female,205.116.8.122
571,Berton,Schanke,bschankefu@nasa.gov,Male,238.228.15.43
572,Sibyl,Frichley,sfrichleyfv@nba.com,Male,85.200.253.144
573,Base,Scandwright,bscandwrightfw@webnode.com,Male,161.100.189.224
574,Nicholle,Diemer,ndiemerfx@nyu.edu,Female,28.41.202.1
575,Devinne,Soots,dsootsfy@jalbum.net,Female,133.127.174.161
576,Rosabella,Kitcher,rkitcherfz@yahoo.co.jp,Female,166.147.63.220
577,Rosmunda,Cator,rcatorg0@unicef.org,Female,3.222.31.56
578,Roldan,Bownas,rbownasg1@soup.io,Male,86.126.39.116
579,Tibold,Levermore,tlevermoreg2@wikimedia.org,Male,241.149.117.225
580,Pancho,Debney,pdebneyg3@whitehouse.gov,Male,210.113.69.158
581,Durward,Rackstraw,drackstrawg4@upenn.edu,Male,31.185.169.91
582,Rolph,Dredge,rdredgeg5@gravatar.com,Male,221.55.23.155
583,Amye,Antham,aanthamg6@dion.ne.jp,Female,156.228.192.89
584,Rasia,Raistrick,rraistrickg7@biglobe.ne.jp,Female,143.2.63.198
585,Gaylord,Matzeitis,gmatzeitisg8@ed.gov,Male,184.223.253.253
586,Lyman,Prewer,lprewerg9@tinypic.com,Male,112.67.209.133
587,Maridel,Clement,mclementga@last.fm,Female,190.22.79.37
588,Ferdinande,Duncklee,fdunckleegb@icq.com,Female,44.64.139.246
589,Kesley,Schulze,kschulzegc@tumblr.com,Female,53.139.38.84
590,Cleon,Deetlefs,cdeetlefsgd@tripod.com,Male,67.154.119.112
591,Livia,Scheu,lscheuge@over-blog.com,Female,169.36.209.121
592,Elston,Hookes,ehookesgf@4shared.com,Male,132.196.137.228
593,Alfons,Marchant,amarchantgg@bigcartel.com,Male,116.71.208.96
594,Nathalie,Jeannel,njeannelgh@upenn.edu,Female,36.42.104.113
595,Inigo,Largen,ilargengi@spiegel.de,Male,49.216.182.46
596,Cull,Osichev,cosichevgj@ucla.edu,Male,149.184.105.86
597,Arlee,Drissell,adrissellgk@51.la,Female,80.210.186.244
598,Humphrey,Rubberts,hrubbertsgl@ox.ac.uk,Male,125.190.168.212
599,Stanley,Barkus,sbarkusgm@mlb.com,Male,90.179.16.16
600,Granville,Boyan,gboyangn@bloomberg.com,Male,24.230.18.166
601,Alfreda,Rickarsey,arickarseygo@liveinternet.ru,Female,10.124.186.18
602,Baldwin,Di Giorgio,bdigiorgiogp@webmd.com,Male,70.241.125.113
603,Isa,Bachanski,ibachanskigq@businessinsider.com,Female,223.118.236.8
604,Nerta,Korn,nkorngr@delicious.com,Female,113.179.226.108
605,Lucas,Firman,lfirmangs@so-net.ne.jp,Male,148.96.185.13
606,Doretta,Harriskine,dharriskinegt@blog.com,Female,183.215.224.150
607,Ettore,Eschalette,eeschalettegu@cdbaby.com,Male,135.236.82.177
608,Bondon,Driver,bdrivergv@cnn.com,Male,11.11.157.10
609,Aguste,Loxston,aloxstongw@go.com,Male,233.182.170.219
610,Rafaela,Ary,rarygx@mashable.com,Female,215.98.76.150
611,Kristo,Eltun,keltungy@archive.org,Male,48.43.252.161
612,Ignaz,Witard,iwitardgz@sourceforge.net,Male,75.22.205.10
613,Nadiya,Hairs,nhairsh0@nps.gov,Female,154.210.76.215
614,Adolphus,Hymas,ahymash1@businesswire.com,Male,27.127.15.251
615,Modestine,Barringer,mbarringerh2@ed.gov,Female,237.70.183.170
616,Josselyn,Farnsworth,jfarnsworthh3@nhs.uk,Female,130.66.105.40
617,Llewellyn,Nibley,lnibleyh4@etsy.com,Male,220.217.61.208
618,Yorgos,Scully,yscullyh5@google.ru,Male,206.220.248.227
619,Ulrick,Harron,uharronh6@hexun.com,Male,71.103.111.138
620,Zelig,Buckhurst,zbuckhursth7@youtube.com,Male,155.245.152.77
621,Tymothy,Marcinkus,tmarcinkush8@spotify.com,Male,251.128.66.135
622,Nial,Wood,nwoodh9@virginia.edu,Male,23.238.15.127
623,Faith,Houndson,fhoundsonha@ycombinator.com,Female,191.103.183.98
624,Shannah,Beedham,sbeedhamhb@japanpost.jp,Female,82.246.250.40
625,Reta,Shawe,rshawehc@sakura.ne.jp,Female,234.53.40.225
626,Garek,Sindell,gsindellhd@ow.ly,Male,92.46.92.248
627,Ali,Witson,awitsonhe@list-manage.com,Male,194.49.130.159
628,Misha,McReynolds,mmcreynoldshf@pinterest.com,Female,120.23.210.118
629,Carney,Goldstein,cgoldsteinhg@ustream.tv,Male,29.88.173.104
630,Johna,Sine,jsinehh@uiuc.edu,Female,228.135.234.192
631,Callean,Lasty,clastyhi@printfriendly.com,Male,11.34.247.255
632,Lilas,Finnimore,lfinnimorehj@cisco.com,Female,36.15.54.209
633,Matthieu,Willatt,mwillatthk@cbslocal.com,Male,185.241.91.78
634,Ulrica,Matthews,umatthewshl@exblog.jp,Female,126.162.8.109
635,Raddy,Ajam,rajamhm@dropbox.com,Male,197.135.119.187
636,Adore,Coatts,acoattshn@sun.com,Female,9.55.46.125
637,Shandeigh,Hebblethwaite,shebblethwaiteho@hp.com,Female,238.151.43.150
638,Fielding,Brookes,fbrookeshp@clickbank.net,Male,90.128.3.166
639,Melisent,Merritt,mmerritthq@ocn.ne.jp,Female,12.143.59.4
640,Laverna,Clemson,lclemsonhr@ted.com,Female,35.247.109.91
641,Louisette,McConnal,lmcconnalhs@facebook.com,Female,233.196.163.147
642,Carlyn,Bellworthy,cbellworthyht@washingtonpost.com,Female,169.168.97.199
643,Rowan,Garett,rgaretthu@mac.com,Male,160.159.69.64
644,Ferdy,Casarili,fcasarilihv@wix.com,Male,40.228.82.111
645,Gorden,Proby,gprobyhw@facebook.com,Male,211.181.71.13
646,Kailey,Macallam,kmacallamhx@simplemachines.org,Female,138.61.50.201
647,Christalle,Ortzen,cortzenhy@naver.com,Female,113.72.216.187
648,Bee,Maplestone,bmaplestonehz@tamu.edu,Female,23.201.84.100
649,Madelina,Pratchett,mpratchetti0@ihg.com,Female,58.9.24.0
650,Clarinda,Bricksey,cbrickseyi1@nbcnews.com,Female,137.96.182.77
651,Bronny,Bonds,bbondsi2@cbc.ca,Male,24.207.231.65
652,Paolo,Overlow,poverlowi3@prweb.com,Male,5.229.214.151
653,Annnora,Lampitt,alampitti4@drupal.org,Female,42.141.30.188
654,Maddie,Tolle,mtollei5@hatena.ne.jp,Female,116.113.216.56
655,Eddi,Aseef,easeefi6@ebay.co.uk,Female,172.94.13.136
656,Clement,Hoyes,choyesi7@ehow.com,Male,170.140.44.45
657,Durward,Vanyarkin,dvanyarkini8@java.com,Male,75.213.89.232
658,Fonsie,Gilli,fgillii9@springer.com,Male,242.92.18.29
659,Kylie,Rayburn,krayburnia@unicef.org,Male,58.51.98.100
660,Scott,Fraulo,sfrauloib@dot.gov,Male,90.23.194.159
661,Noak,Gillice,ngilliceic@i2i.jp,Male,19.107.230.97
662,Hayley,Sames,hsamesid@rediff.com,Female,1.177.133.161
663,Cherye,Zanelli,czanelliie@google.it,Female,166.49.218.112
664,Zeb,Gellan,zgellanif@mayoclinic.com,Male,141.22.223.80
665,Amabelle,Gotcher,agotcherig@hao123.com,Female,239.21.15.93
666,Lavina,Musk,lmuskih@moonfruit.com,Female,28.198.230.0
667,Nicola,Donohoe,ndonohoeii@scientificamerican.com,Female,186.94.18.69
668,Yehudi,Cordeux,ycordeuxij@google.com.au,Male,142.19.22.146
669,Candy,Lawley,clawleyik@usda.gov,Female,64.187.0.1
670,Ofilia,Tombleson,otomblesonil@discuz.net,Female,214.83.131.33
671,Brandais,Trusty,btrustyim@domainmarket.com,Female,209.114.59.194
672,Brock,Aps,bapsin@hubpages.com,Male,166.138.125.11
673,Corrine,Crothers,ccrothersio@wunderground.com,Female,43.101.127.219
674,Woodrow,Ambrogio,wambrogioip@webs.com,Male,211.14.126.246
675,Hester,Stother,hstotheriq@shareasale.com,Female,225.63.6.107
676,Simone,Cana,scanair@indiegogo.com,Female,175.211.166.21
677,Amaleta,Colling,acollingis@eepurl.com,Female,40.78.40.254
678,Lindi,Gorvette,lgorvetteit@ycombinator.com,Female,187.70.152.198
679,Wilie,Worling,wworlingiu@cargocollective.com,Female,242.238.163.11
680,Charita,Pellingar,cpellingariv@gizmodo.com,Female,28.181.61.231
681,Colette,Gipson,cgipsoniw@posterous.com,Female,221.96.49.63
682,Adolph,Leney,aleneyix@wunderground.com,Male,193.108.43.182
683,Courtnay,Jurczak,cjurczakiy@amazon.de,Female,250.217.247.79
684,Fidelio,Rontsch,frontschiz@qq.com,Male,155.65.234.131
685,Burr,Bonney,bbonneyj0@imgur.com,Male,14.191.238.87
686,Peder,Dmitrienko,pdmitrienkoj1@exblog.jp,Male,85.126.28.102
687,Ezekiel,Draisey,edraiseyj2@discovery.com,Male,53.174.0.198
688,Gordon,Wreight,gwreightj3@csmonitor.com,Male,220.174.103.251
689,Alexis,Trayes,atrayesj4@posterous.com,Female,40.88.223.144
690,Hale,Rugg,hruggj5@wunderground.com,Male,40.17.250.148
691,Britteny,Burbudge,bburbudgej6@weebly.com,Female,108.21.124.140
692,Robyn,Tatham,rtathamj7@sfgate.com,Female,134.202.54.120
693,Carey,Findlay,cfindlayj8@nifty.com,Female,231.182.35.154
694,Grissel,Witherup,gwitherupj9@biblegateway.com,Female,223.143.54.186
695,Holly,Tenney,htenneyja@sohu.com,Male,230.43.146.76
696,Lothaire,Garmston,lgarmstonjb@home.pl,Male,36.206.185.103
697,Melissa,Scales,mscalesjc@quantcast.com,Female,119.178.145.138
698,Burnard,Edgcombe,bedgcombejd@deliciousdays.com,Male,55.97.211.245
699,Alano,Lowndsborough,alowndsboroughje@uol.com.br,Male,51.46.11.29
700,Barnebas,Slimmon,bslimmonjf@buzzfeed.com,Male,92.204.177.231
701,Felice,Scollard,fscollardjg@dailymail.co.uk,Male,251.47.15.192
702,Pansy,Kirsop,pkirsopjh@flavors.me,Female,29.52.36.253
703,Aggi,Pelman,apelmanji@cornell.edu,Female,82.211.183.216
704,Atalanta,Titterell,atitterelljj@storify.com,Female,137.0.182.114
705,Dick,Perfili,dperfilijk@wikipedia.org,Male,8.2.208.249
706,Clemence,Bayley,cbayleyjl@census.gov,Female,64.59.211.254
707,Konstantin,Ohms,kohmsjm@buzzfeed.com,Male,110.73.15.217
708,Elbert,Rudd,eruddjn@vk.com,Male,253.72.119.219
709,Barnett,Chisman,bchismanjo@whitehouse.gov,Male,190.228.107.128
710,Tasia,Jobbings,tjobbingsjp@un.org,Female,10.43.141.143
711,Zarah,Krystof,zkrystofjq@mozilla.com,Female,35.213.159.79
712,Zebulon,Postles,zpostlesjr@upenn.edu,Male,82.165.169.21
713,Brigham,Pollicott,bpollicottjs@nps.gov,Male,141.10.51.192
714,Nerte,Kibbee,nkibbeejt@ft.com,Female,45.219.130.40
715,Briny,Keyhoe,bkeyhoeju@icio.us,Female,28.193.155.26
716,Adelle,Cottis,acottisjv@discovery.com,Female,84.160.137.191
717,Kalina,Fincham,kfinchamjw@rakuten.co.jp,Female,229.12.36.240
718,Caesar,Sallings,csallingsjx@quantcast.com,Male,163.152.250.249
719,Demeter,Sharpus,dsharpusjy@deviantart.com,Female,194.114.181.68
720,Barbra,Tuffield,btuffieldjz@buzzfeed.com,Female,10.173.244.89
721,Bonnie,Lippett,blippettk0@com.com,Female,49.163.252.235
722,Rozamond,Foucar,rfoucark1@sitemeter.com,Female,174.188.152.1
723,Dale,Rubinfajn,drubinfajnk2@nbcnews.com,Female,140.179.182.182
724,Emlynne,Baxstare,ebaxstarek3@ucoz.com,Female,218.221.120.135
725,Lionel,Blondin,lblondink4@house.gov,Male,134.28.36.253
726,Gregg,Cruikshanks,gcruikshanksk5@ning.com,Male,141.58.246.159
727,Wiatt,Lavelle,wlavellek6@cnbc.com,Male,104.254.46.250
728,Margette,Maccrea,mmaccreak7@ameblo.jp,Female,251.81.92.147
729,Gay,Glyne,gglynek8@umn.edu,Male,37.92.45.108
730,Demetris,Flooks,dflooksk9@exblog.jp,Male,95.194.22.107
731,Vassili,Bryer,vbryerka@wp.com,Male,80.34.58.200
732,Emilee,Silburn,esilburnkb@booking.com,Female,12.159.208.77
733,Rainer,Leyzell,rleyzellkc@histats.com,Male,20.86.18.54
734,Trix,Scaplehorn,tscaplehornkd@deliciousdays.com,Female,210.255.101.25
735,Elliot,Piccop,epiccopke@example.com,Male,239.0.184.52
736,Hillard,Tiplady,htipladykf@chicagotribune.com,Male,215.215.220.219
737,Marta,Wybrew,mwybrewkg@prweb.com,Female,90.153.94.81
738,Anthe,Denyagin,adenyaginkh@scientificamerican.com,Female,24.52.159.236
739,Astrid,Mayes,amayeski@tamu.edu,Female,251.208.220.80
740,Nathaniel,McMonies,nmcmonieskj@infoseek.co.jp,Male,179.191.106.197
741,Lem,Townshend,ltownshendkk@hp.com,Male,101.156.2.155
742,Ennis,Sandom,esandomkl@zdnet.com,Male,75.133.174.59
743,Garreth,O'Gleasane,gogleasanekm@blog.com,Male,153.52.210.42
744,Robbie,Bjorkan,rbjorkankn@gizmodo.com,Male,105.41.207.113
745,Purcell,Dibden,pdibdenko@nyu.edu,Male,231.105.41.230
746,Gothart,Sumers,gsumerskp@hhs.gov,Male,214.5.13.136
747,Joshia,Clee,jcleekq@netlog.com,Male,224.116.136.140
748,Kassandra,Petrecz,kpetreczkr@goodreads.com,Female,96.213.60.146
749,Hendrika,Haggath,hhaggathks@eventbrite.com,Female,146.140.20.160
750,Brita,Doddrell,bdoddrellkt@ebay.com,Female,73.236.143.97
751,Aurilia,Roswarn,aroswarnku@bravesites.com,Female,23.173.38.33
752,Ellswerth,Jewise,ejewisekv@naver.com,Male,187.193.149.177
753,Marylynne,Spores,msporeskw@businessweek.com,Female,77.184.163.83
754,Clint,Wellington,cwellingtonkx@seesaa.net,Male,127.161.156.198
755,Georgi,Blasl,gblaslky@odnoklassniki.ru,Male,143.229.47.163
756,Sari,Dumphries,sdumphrieskz@newyorker.com,Female,243.180.46.60
757,Julissa,Willars,jwillarsl0@phpbb.com,Female,207.197.133.96
758,Faunie,Willsmore,fwillsmorel1@comsenz.com,Female,216.10.93.14
759,Cathrin,Frank,cfrankl2@bloomberg.com,Female,195.15.109.177
760,Waldo,Steddall,wsteddalll3@msu.edu,Male,50.92.193.12
761,Melania,Haggett,mhaggettl4@blogs.com,Female,13.186.84.137
762,Quint,Clemot,qclemotl5@narod.ru,Male,142.107.72.72
763,Melvin,Kopman,mkopmanl6@yellowpages.com,Male,192.67.11.176
764,Ashlan,Lawless,alawlessl7@hc360.com,Female,110.170.249.166
765,Fabian,Soles,fsolesl8@sfgate.com,Male,159.123.102.8
766,Pieter,Dimitrijevic,pdimitrijevicl9@usda.gov,Male,224.53.238.68
767,Osbourne,Thredder,othredderla@house.gov,Male,8.123.158.210
768,Briny,Fouldes,bfouldeslb@reddit.com,Female,27.124.155.236
769,Giselbert,Bradder,gbradderlc@addtoany.com,Male,98.72.188.55
770,Paige,Stanett,pstanettld@ucoz.com,Male,155.224.173.112
771,Billy,Gilks,bgilksle@bizjournals.com,Male,180.206.156.231
772,Brooks,Fooks,bfookslf@jigsy.com,Female,253.38.51.151
773,Georgie,Jovanovic,gjovanoviclg@webeden.co.uk,Female,18.16.199.75
774,Elaine,Salzberg,esalzberglh@icio.us,Female,160.78.138.63
775,Durant,Elcome,delcomeli@dion.ne.jp,Male,227.244.3.55
776,Werner,Cheake,wcheakelj@sourceforge.net,Male,108.234.148.76
777,Elle,Ibotson,eibotsonlk@illinois.edu,Female,100.235.248.205
778,Glynis,Upham,guphamll@studiopress.com,Female,162.126.211.74
779,Donetta,Capnor,dcapnorlm@flavors.me,Female,61.35.88.190
780,Atalanta,Royl,aroylln@utexas.edu,Female,108.36.54.51
781,May,Nuttall,mnuttalllo@uol.com.br,Female,224.68.227.93
782,Mercie,Levison,mlevisonlp@hatena.ne.jp,Female,220.186.219.97
783,Wade,Scranny,wscrannylq@cnn.com,Male,70.161.233.231
784,Stewart,Dogg,sdogglr@ftc.gov,Male,254.91.172.130
785,Pancho,Baxendale,pbaxendalels@bbb.org,Male,42.137.255.88
786,Jandy,Redsell,jredselllt@bbc.co.uk,Female,77.168.168.83
787,Kalindi,Beardshaw,kbeardshawlu@list-manage.com,Female,214.50.146.115
788,Giffy,Filippello,gfilippellolv@elegantthemes.com,Male,99.209.142.22
789,Bobbye,Leheude,bleheudelw@canalblog.com,Female,152.56.81.114
790,Clerissa,Gercken,cgerckenlx@webs.com,Female,2.197.245.164
791,Vinson,Osgorby,vosgorbyly@go.com,Male,68.160.4.2
792,Haleigh,Van den Velden,hvandenveldenlz@ucoz.ru,Female,231.239.163.188
793,Halie,Kurth,hkurthm0@yellowbook.com,Female,156.183.83.163
794,Candis,Limpertz,climpertzm1@discovery.com,Female,213.136.36.213
795,Igor,Mosdall,imosdallm2@examiner.com,Male,124.171.111.89
796,Bartel,Beniesh,bbenieshm3@msn.com,Male,19.39.161.173
797,Gaby,Canti,gcantim4@comsenz.com,Female,138.239.123.245
798,Libbi,Duggan,ldugganm5@webs.com,Female,10.31.108.157
799,Jasper,Kempson,jkempsonm6@china.com.cn,Male,119.122.78.167
800,Karlotte,Iwanicki,kiwanickim7@symantec.com,Female,144.182.41.42
801,Sylvan,Arndt,sarndtm8@gizmodo.com,Male,112.7.146.12
802,Rosabella,Catteroll,rcatterollm9@cocolog-nifty.com,Female,73.5.91.244
803,Lynna,Fessby,lfessbyma@twitter.com,Female,188.122.245.219
804,Angelica,Saltmarshe,asaltmarshemb@phoca.cz,Female,148.158.212.169
805,Angie,Ubank,aubankmc@auda.org.au,Male,13.94.59.34
806,Reade,Juden,rjudenmd@live.com,Male,86.39.153.150
807,Chelsey,Giacomi,cgiacomime@wired.com,Female,66.39.18.214
808,Delainey,Baroux,dbarouxmf@tmall.com,Male,212.182.87.121
809,Valdemar,Birkett,vbirkettmg@tiny.cc,Male,85.67.242.227
810,Sebastien,Spenclay,sspenclaymh@hp.com,Male,139.164.153.232
811,Shea,Nias,sniasmi@freewebs.com,Female,103.239.224.148
812,Shalna,Bridgewater,sbridgewatermj@histats.com,Female,95.187.173.103
813,Calv,Lancley,clancleymk@csmonitor.com,Male,181.150.125.54
814,Aura,Volkes,avolkesml@google.de,Female,168.99.216.146
815,Maudie,Silbersak,msilbersakmm@wordpress.com,Female,27.154.70.62
816,Phillipe,Pleaden,ppleadenmn@blinklist.com,Male,190.33.162.58
817,Catha,Newcomen,cnewcomenmo@hud.gov,Female,218.83.39.41
818,Haley,Tarborn,htarbornmp@constantcontact.com,Female,9.139.134.158
819,Thomasine,Feasey,tfeaseymq@biglobe.ne.jp,Female,57.107.237.216
820,Myrtie,Ludford,mludfordmr@theglobeandmail.com,Female,67.227.139.201
821,Kathi,Stoll,kstollms@pcworld.com,Female,159.118.128.175
822,Ingrim,Sinden,isindenmt@ocn.ne.jp,Male,92.217.125.98
823,Raffarty,Sansum,rsansummu@elpais.com,Male,2.44.14.188
824,Sephira,Bunston,sbunstonmv@ebay.com,Female,132.58.171.44
825,Francesca,Frowing,ffrowingmw@clickbank.net,Female,159.103.165.172
826,Orbadiah,Mitchelmore,omitchelmoremx@senate.gov,Male,195.112.72.76
827,Cosette,Pietruszewicz,cpietruszewiczmy@woothemes.com,Female,232.2.164.87
828,Elayne,Courtin,ecourtinmz@noaa.gov,Female,195.146.180.54
829,Quint,Putley,qputleyn0@altervista.org,Male,207.217.95.240
830,Harlene,Brambill,hbrambilln1@mediafire.com,Female,78.57.156.115
831,Adelaide,Grugerr,agrugerrn2@rediff.com,Female,144.14.65.204
832,Gar,Dallas,gdallasn3@yandex.ru,Male,70.26.198.70
833,Rosco,Labusquiere,rlabusquieren4@qq.com,Male,237.137.63.223
834,Udale,Connolly,uconnollyn5@hostgator.com,Male,192.168.92.36
835,Nehemiah,Di Ruggero,ndiruggeron6@themeforest.net,Male,31.162.205.33
836,Violette,Ielden,vieldenn7@guardian.co.uk,Female,118.61.146.91
837,Woodie,Ridoutt,wridouttn8@homestead.com,Male,19.159.123.99
838,Anna-diane,Godon,agodonn9@deliciousdays.com,Female,237.115.254.145
839,Raddy,Tinham,rtinhamna@scribd.com,Male,204.6.99.116
840,Burtie,Eisikowitch,beisikowitchnb@prlog.org,Male,241.157.34.103
841,Selma,Feaveryear,sfeaveryearnc@pen.io,Female,151.61.207.110
842,Roma,Kinneally,rkinneallynd@dropbox.com,Male,163.188.236.142
843,Tate,Ismead,tismeadne@imdb.com,Female,87.24.136.248
844,Jed,Wimbush,jwimbushnf@independent.co.uk,Male,164.157.210.212
845,Rasia,Duckering,rduckeringng@meetup.com,Female,34.127.246.18
846,Cullan,Cartan,ccartannh@whitehouse.gov,Male,227.211.116.23
847,Erda,Goldhill,egoldhillni@surveymonkey.com,Female,128.103.32.163
848,Davin,Rawsthorn,drawsthornnj@reference.com,Male,47.193.81.174
849,Tomlin,Paffett,tpaffettnk@fema.gov,Male,85.71.83.210
850,Corinna,Trenholme,ctrenholmenl@deviantart.com,Female,105.17.13.157
851,Giustino,Smail,gsmailnm@sciencedirect.com,Male,16.95.112.107
852,Wes,Rawsthorne,wrawsthornenn@intel.com,Male,122.104.209.26
853,Douglass,Kiddle,dkiddleno@aol.com,Male,69.252.89.60
854,Kippie,Tigner,ktignernp@hhs.gov,Female,110.38.83.155
855,Dannie,Atling,datlingnq@bing.com,Male,227.233.24.209
856,Agatha,Geeson,ageesonnr@last.fm,Female,135.188.147.9
857,Maryrose,Tomei,mtomeins@google.pl,Female,149.175.108.13
858,Reynolds,Tousy,rtousynt@state.tx.us,Male,110.101.24.162
859,Tyne,Kamiyama,tkamiyamanu@boston.com,Female,109.110.139.27
860,Den,Amott,damottnv@oaic.gov.au,Male,61.160.248.183
861,Gisella,Spilsburie,gspilsburienw@rambler.ru,Female,189.67.254.229
862,Joletta,Martignoni,jmartignoninx@wiley.com,Female,117.19.4.252
863,Orazio,Banat,obanatny@artisteer.com,Male,34.72.139.34
864,Westbrooke,Firmin,wfirminnz@prnewswire.com,Male,198.1.104.67
865,Helaina,Nice,hniceo0@amazonaws.com,Female,225.159.92.56
866,Engelbert,Vickerstaff,evickerstaffo1@census.gov,Male,83.9.102.19
867,Nesta,Langeley,nlangeleyo2@spotify.com,Female,182.235.212.15
868,Rudd,Burvill,rburvillo3@canalblog.com,Male,12.198.173.177
869,Gifford,Tuke,gtukeo4@walmart.com,Male,29.131.242.65
870,Vally,Jakubczyk,vjakubczyko5@salon.com,Female,116.97.202.217
871,Malachi,Sigert,msigerto6@moonfruit.com,Male,53.243.73.192
872,Gwenneth,Sidwick,gsidwicko7@nature.com,Female,25.239.13.200
873,Carita,Donahue,cdonahueo8@geocities.jp,Female,111.16.228.23
874,Karlik,Faunch,kfauncho9@cmu.edu,Male,116.120.145.29
875,Corabella,Bather,cbatheroa@theguardian.com,Female,223.76.9.84
876,Theodora,Mugg,tmuggob@forbes.com,Female,70.50.222.91
877,Willa,Quinet,wquinetoc@tmall.com,Female,29.125.151.134
878,Caye,Fawthrop,cfawthropod@apache.org,Female,189.165.223.163
879,Janina,Cheetam,jcheetamoe@epa.gov,Female,255.182.152.214
880,Gaspar,Goracci,ggoracciof@mlb.com,Male,247.214.8.147
881,Sonja,Cavey,scaveyog@163.com,Female,30.78.210.247
882,Merry,Strathman,mstrathmanoh@storify.com,Male,30.3.210.147
883,Venus,Thies,vthiesoi@over-blog.com,Female,13.174.132.0
884,Hirsch,Rofe,hrofeoj@hp.com,Male,198.23.141.88
885,Annabel,Wynch,awynchok@feedburner.com,Female,129.161.126.11
886,Hubert,MacNamee,hmacnameeol@infoseek.co.jp,Male,179.200.64.23
887,Court,Erasmus,cerasmusom@pinterest.com,Male,31.210.114.77
888,Jackelyn,Souster,jsousteron@usnews.com,Female,144.62.254.192
889,Tynan,Scourgie,tscourgieoo@hibu.com,Male,20.53.146.90
890,Galven,Murrock,gmurrockop@jigsy.com,Male,84.238.73.90
891,Weylin,Lapham,wlaphamoq@blog.com,Male,222.12.114.245
892,Johnette,Putton,jputtonor@google.de,Female,2.177.220.70
893,Jeremie,cornhill,jcornhillos@posterous.com,Male,52.199.136.149
894,Dasya,Piccard,dpiccardot@imgur.com,Female,48.127.150.175
895,Taddeo,Graveson,tgravesonou@about.me,Male,25.119.183.108
896,Ewell,McKeighen,emckeighenov@unblog.fr,Male,228.101.41.99
897,Emanuele,Balmer,ebalmerow@huffingtonpost.com,Male,184.31.30.68
898,Rosemarie,Josifovic,rjosifovicox@opensource.org,Female,68.200.182.2
899,Dennet,De la Harpe,ddelaharpeoy@cocolog-nifty.com,Male,31.128.216.66
900,Ezechiel,Placidi,eplacidioz@chronoengine.com,Male,229.205.170.28
901,Randolph,Moulds,rmouldsp0@opera.com,Male,32.165.218.49
902,Austen,Bedome,abedomep1@studiopress.com,Male,202.142.224.57
903,Garwood,Killner,gkillnerp2@zimbio.com,Male,177.29.180.101
904,Odelinda,Magowan,omagowanp3@netlog.com,Female,216.29.86.233
905,Keslie,Puckett,kpuckettp4@aol.com,Female,43.21.43.210
906,Tam,De Mattei,tdematteip5@hhs.gov,Male,199.116.164.213
907,Kakalina,Authers,kauthersp6@indiatimes.com,Female,127.21.217.63
908,Maddie,Patron,mpatronp7@4shared.com,Male,126.77.185.63
909,Merola,Yele,myelep8@theatlantic.com,Female,184.186.44.51
910,Hercules,Mattecot,hmattecotp9@china.com.cn,Male,28.186.76.175
911,Lucienne,Foister,lfoisterpa@dropbox.com,Female,38.238.206.138
912,Marji,Denness,mdennesspb@usda.gov,Female,199.99.49.216
913,Alane,Santus,asantuspc@ucla.edu,Female,119.101.74.90
914,Nealy,O' Neligan,noneliganpd@fc2.com,Male,105.248.81.24
915,Cornelius,Petchey,cpetcheype@nps.gov,Male,131.19.110.90
916,Jamey,Lindeboom,jlindeboompf@free.fr,Male,66.255.134.186
917,Joyous,Dendon,jdendonpg@ustream.tv,Female,59.13.36.83
918,Clevey,Cody,ccodyph@parallels.com,Male,163.206.162.249
919,Nell,Waple,nwaplepi@time.com,Female,86.10.236.41
920,Christin,Aliman,calimanpj@home.pl,Female,48.233.191.31
921,Krishnah,Hawler,khawlerpk@myspace.com,Male,46.63.199.68
922,Jolynn,Creebo,jcreebopl@nydailynews.com,Female,142.217.222.224
923,Amity,Jefford,ajeffordpm@nature.com,Female,255.227.144.17
924,Gabrielle,Dumelow,gdumelowpn@opensource.org,Female,56.171.40.149
925,Nanine,Frisdick,nfrisdickpo@meetup.com,Female,225.233.43.93
926,Francesco,Szymczyk,fszymczykpp@army.mil,Male,221.71.228.100
927,Lynnea,Lewis,llewispq@ted.com,Female,158.15.95.31
928,Christoph,Trighton,ctrightonpr@pinterest.com,Male,132.243.51.33
929,Kessia,Gear,kgearps@creativecommons.org,Female,242.207.189.240
930,Thurstan,Baggett,tbaggettpt@webs.com,Male,111.121.117.119
931,Brigg,Gaspero,bgasperopu@earthlink.net,Male,179.153.198.83
932,Jenifer,Longrigg,jlongriggpv@google.com.hk,Female,20.11.62.156
933,Stephana,Moseby,smosebypw@hostgator.com,Female,49.74.127.255
934,Franciska,Lejeune,flejeunepx@reddit.com,Female,85.39.84.149
935,Porty,Gauche,pgauchepy@yahoo.com,Male,92.233.125.240
936,Hyatt,Stranahan,hstranahanpz@usda.gov,Male,178.100.125.3
937,Bettye,Adrain,badrainq0@ted.com,Female,164.203.211.4
938,Rosina,Doornbos,rdoornbosq1@house.gov,Female,89.221.119.204
939,Carver,Torrance,ctorranceq2@themeforest.net,Male,144.214.201.231
940,Dionysus,Zarfai,dzarfaiq3@blogs.com,Male,48.89.7.1
941,Carina,Breckwell,cbreckwellq4@redcross.org,Female,153.170.59.33
942,Clyve,Ockendon,cockendonq5@guardian.co.uk,Male,198.47.117.55
943,Cecilia,Mattersley,cmattersleyq6@a8.net,Female,125.134.30.134
944,Constanta,Renzullo,crenzulloq7@wikimedia.org,Female,189.99.57.208
945,Chrissie,Trussler,ctrusslerq8@jugem.jp,Female,80.55.90.124
946,Meaghan,Yitzovicz,myitzoviczq9@mashable.com,Female,198.253.38.57
947,Dilly,Crookston,dcrookstonqa@google.es,Male,106.206.234.61
948,Tyrone,Sante,tsanteqb@youtu.be,Male,20.246.182.17
949,Gonzales,Esom,gesomqc@admin.ch,Male,139.228.83.221
950,Whitby,O'Finan,wofinanqd@eventbrite.com,Male,150.7.31.118
951,Elsinore,Moens,emoensqe@ftc.gov,Female,83.76.118.58
952,Dolly,Tebbe,dtebbeqf@ning.com,Female,148.123.76.173
953,Olwen,Popworth,opopworthqg@eventbrite.com,Female,43.77.57.246
954,Larina,Kelso,lkelsoqh@ibm.com,Female,53.152.64.128
955,Donni,Studders,dstuddersqi@symantec.com,Female,185.96.118.175
956,Mic,Skittrall,mskittrallqj@princeton.edu,Male,205.38.33.151
957,Todd,Meddick,tmeddickqk@washington.edu,Male,172.97.137.94
958,Lock,Burbury,lburburyql@cyberchimps.com,Male,215.241.186.244
959,Ulrike,Striker,ustrikerqm@epa.gov,Female,23.189.58.43
960,Reginald,Overland,roverlandqn@va.gov,Male,66.173.73.180
961,Lloyd,Farrants,lfarrantsqo@stumbleupon.com,Male,195.31.100.205
962,Davon,Deex,ddeexqp@mysql.com,Male,229.29.244.91
963,Taber,Attfield,tattfieldqq@whitehouse.gov,Male,129.89.18.101
964,Werner,Yve,wyveqr@blinklist.com,Male,154.19.199.167
965,Rivkah,Coper,rcoperqs@harvard.edu,Female,58.228.129.255
966,Trixie,Winfindine,twinfindineqt@usa.gov,Female,158.242.97.136
967,Lonna,MacKibbon,lmackibbonqu@de.vu,Female,137.16.216.73
968,Benedikt,Fagence,bfagenceqv@vk.com,Male,68.73.95.56
969,Adrianne,Troppmann,atroppmannqw@princeton.edu,Female,146.11.189.103
970,Rhianon,Cowterd,rcowterdqx@acquirethisname.com,Female,96.176.33.190
971,Hersh,De Coursey,hdecourseyqy@google.pl,Male,140.58.87.119
972,Katey,Broader,kbroaderqz@mozilla.org,Female,250.227.75.98
973,Barbaraanne,Cuckson,bcucksonr0@google.ru,Female,203.19.55.34
974,Sonja,Tooting,stootingr1@sohu.com,Female,109.5.85.22
975,Roland,Blackly,rblacklyr2@msu.edu,Male,181.230.47.104
976,Rollie,Dennison,rdennisonr3@live.com,Male,121.62.174.183
977,Jayne,Kelling,jkellingr4@amazonaws.com,Female,19.130.110.210
978,Arch,Arnaut,aarnautr5@1688.com,Male,253.63.119.252
979,Ainsley,Cohen,acohenr6@mozilla.org,Female,34.91.45.255
980,Joete,O'Curran,jocurranr7@mapquest.com,Female,145.70.199.77
981,Carine,Havik,chavikr8@marketwatch.com,Female,140.230.218.144
982,Trip,Issac,tissacr9@mayoclinic.com,Male,92.48.241.63
983,Raimondo,Trahearn,rtrahearnra@theatlantic.com,Male,139.199.189.50
984,Else,Shimony,eshimonyrb@dailymotion.com,Female,231.110.114.4
985,Lacie,Capewell,lcapewellrc@intel.com,Female,16.20.228.242
986,Danyelle,Orteaux,dorteauxrd@list-manage.com,Female,124.57.65.98
987,Red,Gaucher,rgaucherre@ftc.gov,Male,52.172.253.207
988,Randene,Emes,remesrf@i2i.jp,Female,172.16.78.123
989,Devin,Gounard,dgounardrg@unesco.org,Female,246.251.147.62
990,Weylin,Smoote,wsmooterh@narod.ru,Male,162.92.179.167
991,Englebert,Di Giacomo,edigiacomori@instagram.com,Male,76.132.227.60
992,Levin,Crawcour,lcrawcourrj@cnn.com,Male,19.8.184.82
993,Biron,Ramsbottom,bramsbottomrk@sphinn.com,Male,26.85.80.67
994,Greggory,Caudelier,gcaudelierrl@telegraph.co.uk,Male,55.104.229.185
995,Kingston,Bowller,kbowllerrm@tiny.cc,Male,110.140.59.10
996,Odelia,Samsworth,osamsworthrn@globo.com,Female,239.221.29.96
997,Shandeigh,Gallehawk,sgallehawkro@desdev.cn,Female,1.249.61.146
998,Mordecai,Filipiak,mfilipiakrp@marriott.com,Male,166.171.40.57
999,Sella,De Gouy,sdegouyrq@yale.edu,Female,174.205.164.189
1000,Elise,Bailey,ebaileyrr@g.co,Female,5.173.241.153
