id	first_name	last_name	email	gender	ip_address
1	Domeniga	Ebbrell	debbrell0@goo.ne.jp	Female	175.76.195.119
2	Ardys	Schlagtmans	aschlagtmans1@examiner.com	Female	190.250.84.90
3	Rabbi	Deacon	rdeacon2@google.es	Male	92.18.241.213
4	Charmine	Wheildon	cwheildon3@google.nl	Female	151.175.43.65
5	Benyamin	Burrus	bburrus4@npr.org	Male	138.204.239.168
6	Rosalynd	Valerius	rvalerius5@senate.gov	Female	128.37.10.152
7	Waldon	Norcross	wnorcross6@dyndns.org	Male	60.182.65.131
8	Emelda	Cheyne	echeyne7@sciencedaily.com	Female	16.222.113.75
9	Reamonn	Rothery	rrothery8@pcworld.com	Male	174.215.163.70
10	Vicky	Elwyn	velwyn9@mysql.com	Female	220.37.181.132
11	Loraine	Brine	lbrinea@oaic.gov.au	Female	71.63.148.25
12	Jamal	Tilson	jtilsonb@cnet.com	Male	152.76.200.45
13	Reg	Meake	rmeakec@tmall.com	Male	66.228.113.245
14	Kendrick	O'Hartnett	kohartnettd@mozilla.org	Male	128.38.75.227
15	Korrie	Camps	kcampse@imgur.com	Female	51.107.73.224
16	Dougy	Fielder	dfielderf@shareasale.com	Male	218.100.182.193
17	Rene	Test	rtestg@wordpress.org	Female	0.9.244.203
18	Guillemette	Ceci	gcecih@nydailynews.com	Female	204.58.93.117
19	Lawton	Rodgman	lrodgmani@globo.com	Male	209.37.196.223
20	Mady	Houtbie	mhoutbiej@gravatar.com	Female	126.117.164.251
21	Chrisy	Tomaini	ctomainik@yelp.com	Male	66.46.106.24
22	Laurel	Mustill	lmustilll@soup.io	Female	207.92.44.238
23	Alley	Sharple	asharplem@unc.edu	Male	27.238.11.195
24	Ruddie	Kernoghan	rkernoghann@sphinn.com	Male	55.241.97.143
25	Lory	Snookes	lsnookeso@cam.ac.uk	Female	252.154.194.150
26	Weylin	Cattenach	wcattenachp@yellowbook.com	Male	17.170.86.247
27	Conant	Steele	csteeleq@prweb.com	Male	168.128.56.145
28	Elston	Da Costa	edacostar@arizona.edu	Male	42.158.156.110
29	Aprilette	Pittle	apittles@indiatimes.com	Female	202.148.166.47
30	Ulysses	Floyed	ufloyedt@canalblog.com	Male	227.202.0.141
31	Bria	Hulmes	bhulmesu@photobucket.com	Female	91.107.23.49
32	Teddi	Chaperlin	tchaperlinv@privacy.gov.au	Female	133.39.201.125
33	Elfreda	Klimek	eklimekw@businesswire.com	Female	25.56.94.190
34	Charmion	Gasson	cgassonx@mlb.com	Female	121.202.4.104
35	Wainwright	Reason	wreasony@soundcloud.com	Male	37.53.188.35
36	Clarence	Gigg	cgiggz@hatena.ne.jp	Male	27.36.49.231
37	Isidor	Barkus	ibarkus10@nydailynews.com	Male	12.126.74.65
38	Taddeusz	Headingham	theadingham11@plala.or.jp	Male	204.106.140.94
39	Merrielle	MacRierie	mmacrierie12@kickstarter.com	Female	21.9.228.209
40	Sanford	Trevna	strevna13@geocities.jp	Male	136.175.250.110
41	Penelope	Coggen	pcoggen14@mac.com	Female	32.49.148.253
42	Sandro	Pickworth	spickworth15@utexas.edu	Male	175.197.57.189
43	Nevile	Antonignetti	nantonignetti16@cornell.edu	Male	126.99.14.254
44	Ame	Davana	adavana17@globo.com	Female	21.246.221.46
45	Vinny	Jesse	vjesse18@icq.com	Female	173.177.150.157
46	Jeff	Robeiro	jrobeiro19@guardian.co.uk	Male	129.225.149.186
47	Lorilee	Swindlehurst	lswindlehurst1a@princeton.edu	Female	88.36.145.178
48	Gavra	Standing	gstanding1b@tmall.com	Female	248.124.103.224
49	Burke	McJury	bmcjury1c@fda.gov	Male	242.130.187.64
50	Deva	Kendall	dkendall1d@bandcamp.com	Female	221.90.70.232
51	Abbie	McMechan	amcmechan1e@economist.com	Female	35.127.3.252
52	Gage	Bownd	gbownd1f@drupal.org	Male	5.27.159.212
53	Witty	McCarrison	wmccarrison1g@apple.com	Male	152.77.160.190
54	Cyb	Staves	cstaves1h@phoca.cz	Female	234.156.153.7
55	Ravi	Boorer	rboorer1i@pinterest.com	Male	54.55.137.212
56	Bethena	Growcott	bgrowcott1j@columbia.edu	Female	203.15.100.12
57	Eugene	Eyton	eeyton1k@china.com.cn	Male	224.128.230.82
58	Orlando	Jeenes	ojeenes1l@soup.io	Male	206.133.8.68
59	Norry	Simco	nsimco1m@wikipedia.org	Male	199.211.41.204
60	Carley	D'Adamo	cdadamo1n@php.net	Female	57.2.115.174
61	Hillel	Ledgard	hledgard1o@thetimes.co.uk	Male	166.185.45.102
62	Trace	Sowrah	tsowrah1p@multiply.com	Male	227.138.30.97
63	Carlyn	Lyles	clyles1q@people.com.cn	Female	142.9.180.120
64	Jamie	Cuncliffe	jcuncliffe1r@java.com	Male	5.124.67.190
65	Clemmie	Provis	cprovis1s@apple.com	Male	21.61.37.169
66	Brok	Shutt	bshutt1t@msu.edu	Male	171.197.89.176
67	Allard	Zupo	azupo1u@myspace.com	Male	201.242.89.254
68	Darnell	Ducrow	dducrow1v@cnn.com	Male	246.128.26.110
69	Nikkie	McClary	nmcclary1w@shop-pro.jp	Female	235.187.182.242
70	Raddie	Eglaise	reglaise1x@illinois.edu	Male	184.206.206.208
71	Che	Foggarty	cfoggarty1y@behance.net	Male	121.111.74.50
72	Gavin	Probey	gprobey1z@alexa.com	Male	220.236.188.19
73	Nollie	Longmate	nlongmate20@webeden.co.uk	Male	252.214.71.176
74	Robin	Zorzi	rzorzi21@berkeley.edu	Female	21.201.190.243
75	Caz	Bothen	cbothen22@symantec.com	Male	156.123.204.160
76	Chevalier	Wilshire	cwilshire23@elegantthemes.com	Male	186.28.151.21
77	Catha	Lennon	clennon24@guardian.co.uk	Female	73.241.130.171
78	Isidro	Steven	isteven25@youtu.be	Male	221.4.231.19
79	Sylvester	Ishchenko	sishchenko26@blog.com	Male	111.204.181.210
80	Alyss	Warke	awarke27@narod.ru	Female	113.62.140.153
81	Frazier	Hanbidge	fhanbidge28@eventbrite.com	Male	104.154.86.39
82	Bill	Stenett	bstenett29@oracle.com	Female	120.44.111.133
83	Diannne	Lufkin	dlufkin2a@cdbaby.com	Female	152.115.53.188
84	Prudence	Lansberry	plansberry2b@indiatimes.com	Female	210.115.104.179
85	Pierson	Wiltshear	pwiltshear2c@creativecommons.org	Male	193.97.196.201
86	Anetta	Fyers	afyers2d@chronoengine.com	Female	227.98.235.148
87	Moe	Jupe	mjupe2e@livejournal.com	Male	203.184.52.205
88	Towney	Gossan	tgossan2f@booking.com	Male	23.65.163.214
89	Aloise	Gluyas	agluyas2g@msn.com	Female	193.106.135.1
90	Hercules	Blythe	hblythe2h@cam.ac.uk	Male	225.211.164.159
91	Violante	Leighfield	vleighfield2i@joomla.org	Female	35.160.81.158
92	Doreen	Kimbrough	dkimbrough2j@nsw.gov.au	Female	105.11.127.36
93	Eudora	Gentiry	egentiry2k@over-blog.com	Female	23.62.205.187
94	Kacy	Frandsen	kfrandsen2l@goo.ne.jp	Female	154.222.145.47
95	Deloris	Crumbleholme	dcrumbleholme2m@ehow.com	Female	152.167.104.15
96	Tannie	Badam	tbadam2n@ox.ac.uk	Male	36.143.46.195
97	Gunar	Catterill	gcatterill2o@archive.org	Male	14.209.1.223
98	Gherardo	Issac	gissac2p@parallels.com	Male	248.57.228.166
99	Keary	Allabarton	kallabarton2q@mail.ru	Male	177.246.88.167
100	Timmie	Hugnin	thugnin2r@ihg.com	Male	119.166.133.47
101	Karna	Trayes	ktrayes2s@scribd.com	Female	164.174.111.167
102	Lanny	Aldwich	laldwich2t@techcrunch.com	Male	245.207.51.213
103	Sascha	Kitman	skitman2u@clickbank.net	Male	169.139.31.46
104	Lion	McKearnen	lmckearnen2v@chron.com	Male	45.212.149.130
105	Lonnie	Petranek	lpetranek2w@people.com.cn	Female	220.177.40.44
106	Crista	Wernher	cwernher2x@illinois.edu	Female	31.197.172.68
107	Nance	Towl	ntowl2y@europa.eu	Female	249.178.26.228
108	Birgitta	Quayle	bquayle2z@answers.com	Female	170.209.127.188
109	Salomone	Bernon	sbernon30@de.vu	Male	156.226.189.182
110	Skye	Sotheron	ssotheron31@wordpress.com	Male	154.90.68.228
111	Alexio	Tripcony	atripcony32@livejournal.com	Male	43.88.30.182
112	Jodi	Beernt	jbeernt33@blogger.com	Female	188.139.181.222
113	Darbie	Meynell	dmeynell34@slideshare.net	Female	112.19.212.191
114	Christoffer	Colebourn	ccolebourn35@nih.gov	Male	195.207.253.140
115	Emmit	Sherel	esherel36@example.com	Male	153.252.245.94
116	Lefty	MacAskie	lmacaskie37@cbslocal.com	Male	115.216.58.110
117	Si	Barrable	sbarrable38@cnn.com	Male	177.134.236.170
118	Papagena	Goldwater	pgoldwater39@illinois.edu	Female	137.255.226.178
119	Vivian	Lumsdale	vlumsdale3a@rediff.com	Female	13.104.155.137
120	Emalia	Tomkiss	etomkiss3b@usgs.gov	Female	54.204.200.166
121	Dore	Bickle	dbickle3c@reverbnation.com	Female	89.203.164.168
122	Betteann	Spoor	bspoor3d@state.gov	Female	193.244.27.116
123	Odette	Vose	ovose3e@stumbleupon.com	Female	137.98.246.140
124	Stepha	Tidbury	stidbury3f@smugmug.com	Female	139.7.47.133
125	Beck	Bengtsson	bbengtsson3g@who.int	Male	185.156.103.90
126	Melodie	Walliker	mwalliker3h@wired.com	Female	163.177.217.88
127	Shela	Sheardown	ssheardown3i@t-online.de	Female	218.94.155.246
128	Bunny	Hebden	bhebden3j@independent.co.uk	Female	22.78.159.189
129	Adina	Hinners	ahinners3k@samsung.com	Female	234.43.227.18
130	Estrella	Cantle	ecantle3l@umn.edu	Female	220.232.109.249
131	Analise	Tarrier	atarrier3m@sina.com.cn	Female	57.151.90.181
132	Helaine	Gresley	hgresley3n@1und1.de	Female	80.48.187.213
133	Harmony	Allmond	hallmond3o@patch.com	Female	229.157.142.85
134	Frederic	Goreisr	fgoreisr3p@plala.or.jp	Male	171.192.68.161
135	Erik	Fairham	efairham3q@craigslist.org	Male	186.75.34.56
136	Stanton	Hosten	shosten3r@bluehost.com	Male	148.32.219.246
137	Benji	Bobasch	bbobasch3s@prweb.com	Male	23.32.179.124
138	Barbabas	Drees	bdrees3t@earthlink.net	Male	177.72.45.199
139	Tobe	Raxworthy	traxworthy3u@disqus.com	Male	117.40.236.197
140	Roxana	Cluse	rcluse3v@youtube.com	Female	127.119.247.131
141	Xavier	Dallon	xdallon3w@cargocollective.com	Male	9.85.54.56
142	Sutton	Pond	spond3x@dailymotion.com	Male	227.187.227.3
143	Anissa	Bransdon	abransdon3y@intel.com	Female	192.227.167.9
144	Lissy	Timmons	ltimmons3z@blinklist.com	Female	108.110.149.148
145	Waneta	Schrir	wschrir40@toplist.cz	Female	243.163.89.226
146	Dorothea	Giacovazzo	dgiacovazzo41@fastcompany.com	Female	65.44.235.72
147	Carine	Ollivier	collivier42@dailymail.co.uk	Female	197.83.233.235
148	Jessika	Crosston	jcrosston43@indiegogo.com	Female	49.101.230.169
149	Deva	Regis	dregis44@cargocollective.com	Female	103.180.232.227
150	Allys	Penna	apenna45@homestead.com	Female	46.143.207.239
151	Tobe	Patemore	tpatemore46@nbcnews.com	Male	61.159.82.187
152	Mada	O'Cullinane	mocullinane47@zdnet.com	Female	173.252.187.117
153	Lucilia	Manis	lmanis48@blog.com	Female	219.53.3.229
154	Oriana	Shorey	oshorey49@google.es	Female	19.47.183.185
155	Emelia	Dowall	edowall4a@skyrock.com	Female	155.84.251.229
156	Sollie	Bodill	sbodill4b@washington.edu	Male	99.186.214.15
157	Tessie	Drewry	tdrewry4c@usatoday.com	Female	202.102.155.80
158	Giulia	Klus	gklus4d@time.com	Female	122.57.45.93
159	Prentiss	Humbell	phumbell4e@boston.com	Male	124.253.98.156
160	Hadria	Sommerscales	hsommerscales4f@ow.ly	Female	250.222.218.223
161	Reinhold	Braidman	rbraidman4g@home.pl	Male	192.139.238.146
162	Jose	McCurry	jmccurry4h@time.com	Male	96.171.10.16
163	Jeffie	Bramham	jbramham4i@alibaba.com	Male	183.161.89.74
164	Caprice	Hamshar	chamshar4j@apache.org	Female	78.230.157.110
165	Bing	Tylor	btylor4k@google.com.hk	Male	230.102.13.111
166	Munroe	McGuiney	mmcguiney4l@constantcontact.com	Male	50.26.210.233
167	Gwennie	Meakin	gmeakin4m@canalblog.com	Female	54.155.183.92
168	Licha	Murphey	lmurphey4n@vinaora.com	Female	160.174.83.164
169	Brianne	Revance	brevance4o@de.vu	Female	74.128.88.115
170	Nickola	Baty	nbaty4p@springer.com	Male	160.23.248.33
171	Jana	Danielsohn	jdanielsohn4q@examiner.com	Female	79.228.192.203
172	Alaric	Hilary	ahilary4r@tmall.com	Male	188.65.254.237
173	Vivi	Newband	vnewband4s@vistaprint.com	Female	236.117.111.85
174	Weider	Shinner	wshinner4t@slideshare.net	Male	159.51.87.220
175	Coriss	Scriven	cscriven4u@eepurl.com	Female	64.161.79.141
176	Moishe	Cornelius	mcornelius4v@themeforest.net	Male	104.194.193.141
177	Derrek	Brunicke	dbrunicke4w@com.com	Male	133.71.244.156
178	Wit	Persey	wpersey4x@foxnews.com	Male	118.147.123.127
179	Dalston	Nern	dnern4y@irs.gov	Male	241.94.64.0
180	Dag	Ferrara	dferrara4z@umich.edu	Male	66.251.90.217
181	Richmound	Boutellier	rboutellier50@uol.com.br	Male	31.141.191.84
182	Damon	Mountlow	dmountlow51@sakura.ne.jp	Male	58.114.130.86
183	Nert	Dunnet	ndunnet52@arstechnica.com	Female	42.103.182.54
184	Karrie	Balhatchet	kbalhatchet53@hatena.ne.jp	Female	70.192.243.211
185	Fredrick	Antonutti	fantonutti54@berkeley.edu	Male	72.134.31.29
186	Frederique	Common	fcommon55@51.la	Female	3.140.220.254
187	Mack	Newland	mnewland56@slashdot.org	Male	1.60.169.214
188	Darelle	Bick	dbick57@ycombinator.com	Female	78.135.186.15
189	Katrina	Dury	kdury58@mit.edu	Female	149.132.20.75
190	Giff	Havesides	ghavesides59@hibu.com	Male	196.17.145.161
191	Mohandis	Lago	mlago5a@tinypic.com	Male	126.20.137.22
192	Terri-jo	Colhoun	tcolhoun5b@google.cn	Female	146.138.239.65
193	Morey	Dowry	mdowry5c@cdbaby.com	Male	82.89.66.120
194	Nadya	Cocozza	ncocozza5d@guardian.co.uk	Female	16.135.148.85
195	Garvin	Spileman	gspileman5e@usa.gov	Male	2.176.215.233
196	Doy	Vorley	dvorley5f@ucoz.ru	Male	149.17.250.210
197	Newton	Tugwell	ntugwell5g@amazon.co.jp	Male	65.105.32.195
198	Anetta	Carolan	acarolan5h@pen.io	Female	99.111.65.220
199	Camala	Tickle	ctickle5i@wisc.edu	Female	246.30.231.164
200	Elysee	Portwain	eportwain5j@opensource.org	Female	110.198.91.171
201	Kristal	Hinckley	khinckley5k@tinypic.com	Female	126.44.233.72
202	Bobby	Kadwallider	bkadwallider5l@squidoo.com	Male	32.118.192.46
203	Felicity	Waghorn	fwaghorn5m@icq.com	Female	20.90.78.120
204	Babita	Flacke	bflacke5n@posterous.com	Female	153.29.242.170
205	Alane	Thaim	athaim5o@cnet.com	Female	120.101.153.112
206	Judah	Bradlaugh	jbradlaugh5p@prweb.com	Male	66.142.78.124
207	Carmelita	Yitzhakof	cyitzhakof5q@prweb.com	Female	54.248.107.222
208	Winnah	Ramsted	wramsted5r@ftc.gov	Female	19.145.222.101
209	Port	Edwinson	pedwinson5s@ebay.co.uk	Male	117.122.229.249
210	Mischa	Whitsun	mwhitsun5t@youtube.com	Male	206.10.50.203
211	Lauren	Mapples	lmapples5u@wsj.com	Male	118.230.42.211
212	Waylan	Shoppee	wshoppee5v@merriam-webster.com	Male	23.52.235.112
213	Alana	Duferie	aduferie5w@ifeng.com	Female	255.103.101.185
214	Ginger	Gally	ggally5x@1688.com	Female	146.209.184.79
215	Berna	Harrowell	bharrowell5y@fastcompany.com	Female	124.47.59.72
216	Laura	Doughartie	ldoughartie5z@etsy.com	Female	11.224.205.197
217	Madelene	Pamplin	mpamplin60@reverbnation.com	Female	0.174.200.144
218	Marje	Dahlbom	mdahlbom61@nih.gov	Female	242.79.119.19
219	Leonie	Stegel	lstegel62@blogspot.com	Female	51.197.127.73
220	Lottie	Tribbeck	ltribbeck63@ifeng.com	Female	252.180.226.24
221	Fanchon	Plank	fplank64@biglobe.ne.jp	Female	77.148.3.235
222	Nessie	Greep	ngreep65@census.gov	Female	175.96.192.210
223	Ardith	Gilford	agilford66@imageshack.us	Female	135.121.88.74
224	Lotti	Pawlik	lpawlik67@mayoclinic.com	Female	95.210.70.117
225	Victoir	Rawstron	vrawstron68@clickbank.net	Male	19.17.155.82
226	Kermy	Camock	kcamock69@ovh.net	Male	139.130.196.177
227	Job	Porcas	jporcas6a@home.pl	Male	44.238.190.174
228	Enrichetta	Slowly	eslowly6b@icq.com	Female	249.173.237.105
229	Roosevelt	Stanluck	rstanluck6c@sakura.ne.jp	Male	170.4.210.161
230	Blythe	Ropartz	bropartz6d@sourceforge.net	Female	123.107.131.80
231	Abbe	Newlove	anewlove6e@state.gov	Male	0.218.62.224
232	Luther	Poll	lpoll6f@examiner.com	Male	175.123.232.91
233	Ambrose	Glassborow	aglassborow6g@goo.gl	Male	155.77.63.122
234	Nicolais	Shewsmith	nshewsmith6h@vimeo.com	Male	71.223.158.35
235	Gavrielle	Stag	gstag6i@eventbrite.com	Female	29.129.115.123
236	Hedvig	McGiveen	hmcgiveen6j@google.fr	Female	207.144.108.21
237	Veronike	Kenwell	vkenwell6k@facebook.com	Female	215.72.132.87
238	Casar	Clementi	cclementi6l@cnet.com	Male	57.57.78.249
239	Ludwig	Jurges	ljurges6m@redcross.org	Male	6.202.49.14
240	Larine	Slot	lslot6n@youtu.be	Female	127.46.50.131
241	Carlye	McNish	cmcnish6o@google.co.jp	Female	33.4.184.173
242	Candie	Colquyte	ccolquyte6p@pen.io	Female	160.114.87.7
243	Herbie	Babonau	hbabonau6q@blinklist.com	Male	84.58.234.32
244	Lilias	Jobbins	ljobbins6r@4shared.com	Female	64.238.183.139
245	Elfie	Bisley	ebisley6s@yelp.com	Female	80.28.189.91
246	Udall	Huertas	uhuertas6t@nifty.com	Male	168.60.221.86
247	Flossy	Grassot	fgrassot6u@tiny.cc	Female	11.10.8.190
248	Mike	Dunwoody	mdunwoody6v@who.int	Male	216.83.209.124
249	Horatia	Talks	htalks6w@dot.gov	Female	142.6.241.205
250	Albertine	Dewey	adewey6x@google.ru	Female	22.18.182.156
251	Nerissa	Jacobsen	njacobsen6y@wikimedia.org	Female	27.151.179.71
252	Jeffry	Tregent	jtregent6z@networksolutions.com	Male	225.26.191.31
253	Orly	Igoe	oigoe70@dyndns.org	Female	123.102.182.188
254	Thorn	Gifford	tgifford71@businessweek.com	Male	64.22.148.87
255	Helenelizabeth	Peat	hpeat72@woothemes.com	Female	236.248.161.168
256	Jeremias	Arkell	jarkell73@wiley.com	Male	197.225.89.150
257	Reinold	Roizin	rroizin74@ucoz.com	Male	82.183.166.100
258	Ignace	Giacomo	igiacomo75@wikipedia.org	Male	39.92.162.100
259	Aland	Slainey	aslainey76@chronoengine.com	Male	122.116.234.93
260	Reube	Higgonet	rhiggonet77@github.com	Male	94.167.174.20
261	Erie	Carlsson	ecarlsson78@walmart.com	Male	116.84.139.178
262	Garrik	Trench	gtrench79@psu.edu	Male	171.78.60.64
263	Dino	Frickey	dfrickey7a@blogspot.com	Male	232.237.226.155
264	Tiffy	Brimner	tbrimner7b@theguardian.com	Female	212.175.193.216
265	Shirline	Baskerfield	sbaskerfield7c@twitter.com	Female	2.115.215.237
266	Annmaria	Bidnall	abidnall7d@blogtalkradio.com	Female	250.46.43.34
267	Elisha	De Gregoli	edegregoli7e@yellowpages.com	Female	171.210.56.13
268	Conny	Presland	cpresland7f@umn.edu	Male	215.49.78.17
269	Helen-elizabeth	Kobel	hkobel7g@github.io	Female	21.92.126.217
270	Margarette	Louedey	mlouedey7h@unicef.org	Female	6.137.121.161
271	Agathe	Giacopini	agiacopini7i@printfriendly.com	Female	121.213.149.82
272	Candi	Helmke	chelmke7j@wiley.com	Female	140.220.199.83
273	Bay	Goodinge	bgoodinge7k@gravatar.com	Male	117.215.180.161
274	Nicolette	Blueman	nblueman7l@friendfeed.com	Female	148.86.194.114
275	Miran	Swindley	mswindley7m@g.co	Female	176.27.156.13
276	Ervin	Bramwell	ebramwell7n@i2i.jp	Male	142.183.111.87
277	Heriberto	Stefanovic	hstefanovic7o@state.gov	Male	112.43.75.230
278	Karil	Weightman	kweightman7p@sohu.com	Female	54.46.152.39
279	Rebekah	Hayen	rhayen7q@cdbaby.com	Female	176.224.72.47
280	Dirk	Manuelli	dmanuelli7r@topsy.com	Male	132.177.34.172
281	Hamel	Brandt	hbrandt7s@ehow.com	Male	142.29.20.166
282	Eugene	Pride	epride7t@tumblr.com	Male	106.10.24.88
283	Hyacinthie	Addicott	haddicott7u@slideshare.net	Female	242.59.171.94
284	Courtenay	Crauford	ccrauford7v@meetup.com	Female	253.230.63.49
285	Sophia	Hancock	shancock7w@jigsy.com	Female	63.221.170.211
286	Haydon	Bussell	hbussell7x@latimes.com	Male	45.121.63.9
287	Adolpho	Price	aprice7y@cocolog-nifty.com	Male	59.34.96.205
288	Billie	Roskruge	broskruge7z@sitemeter.com	Female	176.73.10.60
289	Von	McCaw	vmccaw80@paypal.com	Male	223.28.242.76
290	Willdon	Reuss	wreuss81@nih.gov	Male	231.204.21.110
291	Lolly	Styles	lstyles82@squarespace.com	Female	251.12.137.9
292	Sigvard	Gladdifh	sgladdifh83@bigcartel.com	Male	208.42.78.81
293	Amitie	Eccersley	aeccersley84@linkedin.com	Female	236.17.63.235
294	Evangelia	McCrae	emccrae85@amazon.de	Female	225.56.73.217
295	Darius	Bazek	dbazek86@bloglovin.com	Male	158.199.91.235
296	Angelita	Burgum	aburgum87@cbsnews.com	Female	128.107.248.21
297	Cherey	Tottie	ctottie88@eventbrite.com	Female	187.244.46.163
298	Alexander	Benmore	abenmore89@psu.edu	Male	89.242.158.170
299	Ambrose	Seeler	aseeler8a@google.fr	Male	16.38.54.253
300	Brant	Ramage	bramage8b@stanford.edu	Male	238.143.108.170
301	Chrystal	Curcher	ccurcher8c@wikispaces.com	Female	65.183.170.198
302	Lorrayne	Pain	lpain8d@princeton.edu	Female	156.170.210.113
303	Burch	Lindenstrauss	blindenstrauss8e@businesswire.com	Male	2.129.43.140
304	Dionne	Brandenburg	dbrandenburg8f@wikimedia.org	Female	160.126.11.173
305	Siffre	Beekmann	sbeekmann8g@lulu.com	Male	123.239.214.8
306	Vitia	Falconer	vfalconer8h@biglobe.ne.jp	Female	2.29.240.47
307	Teddy	Rapsey	trapsey8i@independent.co.uk	Male	31.14.182.12
308	Syman	De Gregorio	sdegregorio8j@acquirethisname.com	Male	35.196.116.39
309	Rollin	Timmes	rtimmes8k@phpbb.com	Male	52.226.33.214
310	Roddy	Halbeard	rhalbeard8l@baidu.com	Male	212.165.242.33
311	Allyn	Hannay	ahannay8m@mit.edu	Male	177.37.212.144
312	Sargent	Baldam	sbaldam8n@t-online.de	Male	1.57.143.46
313	Brigg	Wash	bwash8o@sakura.ne.jp	Male	31.33.255.251
314	Jens	Crippill	jcrippill8p@nymag.com	Male	41.205.123.11
315	Georgine	Burless	gburless8q@sitemeter.com	Female	30.57.175.80
316	Devinne	Large	dlarge8r@illinois.edu	Female	124.49.200.115
317	Floyd	Spilsbury	fspilsbury8s@sphinn.com	Male	27.87.105.198
318	Leon	Wooles	lwooles8t@dailymail.co.uk	Male	23.185.11.34
319	Justina	Clancy	jclancy8u@yelp.com	Female	17.15.251.231
320	Tynan	Vaughten	tvaughten8v@canalblog.com	Male	41.31.149.0
321	Selby	Prisley	sprisley8w@craigslist.org	Male	225.175.240.151
322	Locke	Silberschatz	lsilberschatz8x@china.com.cn	Male	232.72.157.214
323	Bob	Andreix	bandreix8y@statcounter.com	Male	69.209.110.61
324	Olag	Barthelet	obarthelet8z@baidu.com	Male	130.188.249.241
325	Elliot	Croot	ecroot90@google.cn	Male	137.247.239.2
326	Kimbell	Grimmolby	kgrimmolby91@yale.edu	Male	132.248.89.108
327	Zolly	Teffrey	zteffrey92@cafepress.com	Male	161.229.156.130
328	Rudie	Knell	rknell93@gravatar.com	Male	205.124.198.241
329	Lonny	Fullerlove	lfullerlove94@google.com	Male	17.189.121.13
330	Rosanne	Pedler	rpedler95@tinyurl.com	Female	18.241.215.124
331	Carlin	Motton	cmotton96@imageshack.us	Male	81.89.86.135
332	Lyndel	Scranny	lscranny97@livejournal.com	Female	152.39.69.74
333	Ade	Kidner	akidner98@google.cn	Male	252.57.129.114
334	Brnaba	Dyster	bdyster99@cyberchimps.com	Male	87.61.55.36
335	Vasily	Ickowics	vickowics9a@hexun.com	Male	148.60.91.166
336	Queenie	Quinet	qquinet9b@shop-pro.jp	Female	25.231.221.165
337	Hestia	Bynold	hbynold9c@comcast.net	Female	189.207.236.150
338	Brigida	Kausche	bkausche9d@patch.com	Female	140.51.140.222
339	Bernette	Baunton	bbaunton9e@elegantthemes.com	Female	162.155.173.158
340	Hildegarde	Bodleigh	hbodleigh9f@theglobeandmail.com	Female	147.90.25.100
341	Ginger	Adrianello	gadrianello9g@si.edu	Female	115.214.85.13
342	Cornelius	Abrahamson	cabrahamson9h@comsenz.com	Male	211.138.156.73
343	Herminia	Mugleston	hmugleston9i@reference.com	Female	197.119.132.183
344	Freeland	Witz	fwitz9j@wsj.com	Male	124.4.67.29
345	Enrico	Galgey	egalgey9k@purevolume.com	Male	39.244.170.143
346	Corrinne	Pere	cpere9l@narod.ru	Female	176.148.111.128
347	Seymour	Garnett	sgarnett9m@microsoft.com	Male	68.93.255.112
348	Claudette	Brandon	cbrandon9n@archive.org	Female	191.39.19.170
349	Ellyn	Guye	eguye9o@geocities.jp	Female	12.32.39.44
350	Godart	Mealing	gmealing9p@sphinn.com	Male	108.96.218.18
351	Saxon	Farnsworth	sfarnsworth9q@kickstarter.com	Male	157.200.58.178
352	Kathy	Huck	khuck9r@360.cn	Female	192.111.21.200
353	Cyrus	Levins	clevins9s@ebay.com	Male	8.67.82.27
354	Harp	Eason	heason9t@army.mil	Male	209.119.200.70
355	Maia	Senyard	msenyard9u@dropbox.com	Female	27.110.247.54
356	Brunhilde	Gwyllt	bgwyllt9v@uiuc.edu	Female	109.113.16.214
357	Loreen	Elrick	lelrick9w@weather.com	Female	79.72.31.0
358	Elora	Rugieri	erugieri9x@wp.com	Female	111.83.217.73
359	Ruttger	Davie	rdavie9y@bluehost.com	Male	12.123.101.96
360	Dari	Pennyman	dpennyman9z@dion.ne.jp	Female	40.80.92.24
361	Akim	Veevers	aveeversa0@about.com	Male	139.197.178.112
362	Beverlie	Tinto	btintoa1@ed.gov	Female	70.16.102.146
363	Patton	Timmens	ptimmensa2@reuters.com	Male	51.74.64.61
364	Trixie	Giacobelli	tgiacobellia3@indiegogo.com	Female	174.248.101.134
365	Hendrika	Freschini	hfreschinia4@flickr.com	Female	104.146.126.54
366	Ianthe	Bolus	ibolusa5@digg.com	Female	196.58.11.42
367	Gavrielle	Jeandot	gjeandota6@ifeng.com	Female	109.8.167.16
368	Seth	Lashbrook	slashbrooka7@sitemeter.com	Male	48.146.152.66
369	Rhiamon	Hanrahan	rhanrahana8@deliciousdays.com	Female	155.107.126.192
370	Ulla	Calabry	ucalabrya9@intel.com	Female	64.192.222.76
371	Cozmo	Loges	clogesaa@flavors.me	Male	250.89.8.150
372	Gaynor	Cousans	gcousansab@chicagotribune.com	Female	183.222.197.41
373	Eleanore	Mennell	emennellac@myspace.com	Female	153.95.200.198
374	Cyrille	Millmoe	cmillmoead@accuweather.com	Male	6.158.123.163
375	Lorelei	Kemmett	lkemmettae@histats.com	Female	78.192.151.106
376	Fidelia	Vincent	fvincentaf@sciencedirect.com	Female	123.240.122.255
377	Adham	Bailiss	abailissag@surveymonkey.com	Male	190.6.34.192
378	Sybil	Seaman	sseamanah@dion.ne.jp	Female	162.207.121.133
379	Phedra	Eastam	peastamai@bloomberg.com	Female	46.180.73.61
380	Danella	Tromans	dtromansaj@discovery.com	Female	198.149.244.247
381	Caryl	Filler	cfillerak@cbc.ca	Male	18.171.7.51
382	Liv	Penney	lpenneyal@imgur.com	Female	212.181.76.197
383	Clayborn	Cometto	ccomettoam@telegraph.co.uk	Male	60.200.130.216
384	Cathrin	Mayling	cmaylingan@devhub.com	Female	191.17.6.50
385	Nesta	MacGuffie	nmacguffieao@cbc.ca	Female	111.210.65.93
386	Vinny	Mac Giany	vmacgianyap@yahoo.co.jp	Male	26.223.254.189
387	Mike	Spurdens	mspurdensaq@over-blog.com	Male	226.199.233.34
388	Odille	Robjant	orobjantar@flavors.me	Female	204.200.150.235
389	Marlowe	Spire	mspireas@ucsd.edu	Male	32.198.35.70
390	Kenton	Sproul	ksproulat@time.com	Male	195.34.15.6
391	Loralyn	Reina	lreinaau@creativecommons.org	Female	48.249.110.255
392	Hobart	Aldren	haldrenav@1und1.de	Male	198.143.137.7
393	Libbey	Dennidge	ldennidgeaw@w3.org	Female	76.34.144.69
394	Nikita	Norris	nnorrisax@ed.gov	Male	49.11.169.203
395	Deirdre	Jenman	djenmanay@princeton.edu	Female	248.62.60.84
396	Elisabeth	Petrelluzzi	epetrelluzziaz@blog.com	Female	212.133.99.62
397	Nari	Hugland	nhuglandb0@jimdo.com	Female	121.244.212.199
398	Remington	McKiddin	rmckiddinb1@wufoo.com	Male	138.122.191.196
399	Kendrick	Sabey	ksabeyb2@free.fr	Male	123.81.248.96
400	Hesther	Culy	hculyb3@fastcompany.com	Female	49.248.12.123
401	Dinnie	Butland	dbutlandb4@walmart.com	Female	209.249.195.26
402	Junia	Beavers	jbeaversb5@bbb.org	Female	115.92.55.174
403	Tadio	Heymes	theymesb6@lulu.com	Male	237.241.236.43
404	Christie	Rowcliffe	crowcliffeb7@chicagotribune.com	Male	137.191.131.55
405	Ajay	Muskett	amuskettb8@reference.com	Female	18.166.50.57
406	Antonin	Polkinghorne	apolkinghorneb9@alexa.com	Male	246.123.36.135
407	Papagena	Cantrill	pcantrillba@icio.us	Female	116.143.127.26
408	Tadeo	Gladdin	tgladdinbb@blogs.com	Male	46.14.236.98
409	Ed	Bygreaves	ebygreavesbc@hatena.ne.jp	Male	137.186.118.238
410	Zarah	Yewman	zyewmanbd@ifeng.com	Female	250.182.59.179
411	Jill	Thorneywork	jthorneyworkbe@hexun.com	Female	225.249.7.49
412	Onfroi	Laboune	olabounebf@rambler.ru	Male	162.222.56.149
413	Ketti	Hendrikse	khendriksebg@umich.edu	Female	36.5.139.212
414	Chrissy	Gibbeson	cgibbesonbh@netscape.com	Male	182.225.91.137
415	Ronnie	Dryburgh	rdryburghbi@spiegel.de	Male	28.201.156.104
416	Eustacia	Meaker	emeakerbj@freewebs.com	Female	31.48.76.95
417	Porter	Seneschal	pseneschalbk@biblegateway.com	Male	207.81.211.126
418	Jennica	Bollen	jbollenbl@dagondesign.com	Female	29.104.45.82
419	Lexie	Gaythor	lgaythorbm@cafepress.com	Female	170.2.99.237
420	Willey	Raddin	wraddinbn@taobao.com	Male	116.231.2.251
421	Lloyd	Jeffels	ljeffelsbo@reference.com	Male	236.195.231.9
422	Juanita	Byre	jbyrebp@list-manage.com	Female	25.190.212.195
423	Jackqueline	McCully	jmccullybq@fema.gov	Female	113.214.174.15
424	Goddart	Velde	gveldebr@vkontakte.ru	Male	7.108.221.49
425	Ryon	Naisbit	rnaisbitbs@shinystat.com	Male	229.53.130.113
426	Benjie	Yearn	byearnbt@webeden.co.uk	Male	199.196.88.191
427	Emylee	Kerbey	ekerbeybu@last.fm	Female	122.67.19.199
428	Curry	Chastanet	cchastanetbv@fema.gov	Male	90.78.203.250
429	Thomasa	Zambon	tzambonbw@huffingtonpost.com	Female	79.32.82.132
430	Gleda	Paulet	gpauletbx@army.mil	Female	189.215.78.175
431	Tory	Barday	tbardayby@boston.com	Female	86.134.113.177
432	Kaiser	Pickavant	kpickavantbz@fema.gov	Male	176.120.225.99
433	Emery	Raynor	eraynorc0@skype.com	Male	38.109.247.179
434	Sloane	Garmans	sgarmansc1@w3.org	Male	40.139.52.114
435	Riobard	Littell	rlittellc2@unicef.org	Male	115.157.221.207
436	Lea	Eborn	lebornc3@irs.gov	Female	155.124.199.233
437	Cecilia	Abby	cabbyc4@craigslist.org	Female	117.129.181.117
438	Ezekiel	Stoggles	estogglesc5@qq.com	Male	100.30.186.102
439	Adelaida	Matthews	amatthewsc6@de.vu	Female	76.249.230.78
440	Magdalen	Bentz	mbentzc7@live.com	Female	160.33.248.100
441	Sallyanne	Simchenko	ssimchenkoc8@wikipedia.org	Female	46.95.170.127
442	Talyah	Skentelbery	tskentelberyc9@netvibes.com	Female	84.92.71.133
443	Tabor	Strangman	tstrangmanca@epa.gov	Male	63.85.124.250
444	Tomaso	Gravenor	tgravenorcb@parallels.com	Male	75.26.63.188
445	Cal	Hebner	chebnercc@chronoengine.com	Male	89.151.145.133
446	Nicole	Lovstrom	nlovstromcd@sakura.ne.jp	Female	232.215.162.2
447	Sherwynd	Ganter	sganterce@telegraph.co.uk	Male	149.151.247.15
448	Early	Aksell	eaksellcf@sciencedaily.com	Male	246.54.95.50
449	Vinnie	Austwick	vaustwickcg@chron.com	Male	95.43.165.48
450	Petronella	Hemms	phemmsch@unicef.org	Female	72.145.179.117
451	Janelle	Robez	jrobezci@wikia.com	Female	127.247.29.6
452	Mervin	Piletic	mpileticcj@indiegogo.com	Male	181.135.81.243
453	Orelle	Leary	olearyck@forbes.com	Female	48.79.178.140
454	Justis	Bracco	jbraccocl@sakura.ne.jp	Male	234.65.123.62
455	Nikita	Harry	nharrycm@github.com	Male	164.251.57.20
456	Kent	Jachimczak	kjachimczakcn@hp.com	Male	6.251.218.224
457	Yvon	Aymer	yaymerco@list-manage.com	Male	165.207.28.64
458	Anestassia	Tincombe	atincombecp@ed.gov	Female	177.63.254.111
459	Casie	Neilly	cneillycq@state.gov	Female	223.74.184.236
460	Gregoire	Flett	gflettcr@kickstarter.com	Male	113.185.15.217
461	Cybil	Boog	cboogcs@nbcnews.com	Female	51.119.25.77
462	Sharai	Barroux	sbarrouxct@rambler.ru	Female	12.97.121.249
463	Nicholas	Waything	nwaythingcu@reverbnation.com	Male	131.121.170.182
464	Laural	Tromans	ltromanscv@marketwatch.com	Female	142.7.192.190
465	Mikey	Pimley	mpimleycw@youtu.be	Male	127.135.66.131
466	Ethelin	Hawkswell	ehawkswellcx@indiatimes.com	Female	189.158.37.217
467	Jillie	Halliburton	jhalliburtoncy@ifeng.com	Female	230.57.139.237
468	Bernie	Florez	bflorezcz@tamu.edu	Male	164.250.58.173
469	Sada	Febry	sfebryd0@php.net	Female	61.250.122.105
470	Nikita	Tuckerman	ntuckermand1@epa.gov	Male	124.10.138.111
471	Gennifer	Lloyd	glloydd2@examiner.com	Female	179.182.91.60
472	Durant	Zemler	dzemlerd3@fotki.com	Male	0.110.79.133
473	Jamie	Cardinal	jcardinald4@technorati.com	Female	87.90.51.85
474	Tremaine	Phelps	tphelpsd5@behance.net	Male	253.57.5.52
475	Corella	Farloe	cfarloed6@salon.com	Female	40.147.152.238
476	Susanne	Rodmell	srodmelld7@parallels.com	Female	132.61.39.6
477	Ernst	Tzuker	etzukerd8@drupal.org	Male	94.21.216.224
478	Alina	Dungate	adungated9@comcast.net	Female	54.115.157.131
479	Jemmy	Olive	joliveda@blogger.com	Female	67.95.252.158
480	Paulette	Hargrave	phargravedb@spiegel.de	Female	85.117.166.213
481	Carin	Painter	cpainterdc@ca.gov	Female	161.178.243.180
482	Giorgio	Gliddon	ggliddondd@shop-pro.jp	Male	124.7.181.62
483	Hagen	Kilban	hkilbande@typepad.com	Male	53.186.254.220
484	Haley	Presdee	hpresdeedf@apache.org	Male	20.60.246.3
485	Feodor	Girardi	fgirardidg@marketwatch.com	Male	63.65.77.112
486	Tadeas	Antonoyev	tantonoyevdh@123-reg.co.uk	Male	106.171.188.79
487	Nathan	Crennan	ncrennandi@jimdo.com	Male	230.152.62.48
488	Danica	Whatling	dwhatlingdj@twitpic.com	Female	60.214.242.245
489	Ingamar	Sherry	isherrydk@taobao.com	Male	136.227.68.227
490	Cris	Gellion	cgelliondl@tinypic.com	Male	16.184.199.148
491	Claudia	Frary	cfrarydm@tiny.cc	Female	243.59.217.135
492	Thorny	Mattam	tmattamdn@microsoft.com	Male	240.236.108.51
493	Blinni	Coytes	bcoytesdo@nba.com	Female	168.233.228.248
494	Dun	Dunford	ddunforddp@umich.edu	Male	0.113.90.238
495	Gennie	L'Hommeau	glhommeaudq@miibeian.gov.cn	Female	191.94.157.151
496	Bary	Jakov	bjakovdr@google.com.au	Male	11.66.51.184
497	Nissa	Varah	nvarahds@ehow.com	Female	113.172.58.187
498	Bibbye	Searle	bsearledt@hao123.com	Female	30.78.1.179
499	Eachelle	Vivians	eviviansdu@unc.edu	Female	109.210.119.126
500	Ralina	Jerschke	rjerschkedv@redcross.org	Female	51.191.137.0
501	Sosanna	Parradye	sparradyedw@dot.gov	Female	80.27.146.249
502	Gardie	Clench	gclenchdx@woothemes.com	Male	156.241.163.161
503	Harbert	Clymo	hclymody@slideshare.net	Male	232.178.78.11
504	Nola	Gofford	ngofforddz@sbwire.com	Female	171.240.138.97
505	Fax	Bernli	fbernlie0@china.com.cn	Male	56.69.224.121
506	Stirling	Cape	scapee1@tiny.cc	Male	203.177.157.238
507	Kinny	Maddie	kmaddiee2@macromedia.com	Male	234.118.197.27
508	Ker	Cawson	kcawsone3@naver.com	Male	227.115.106.95
509	Mattie	Caren	mcarene4@fotki.com	Male	89.78.20.7
510	Peg	Gulliver	pgullivere5@chicagotribune.com	Female	19.151.162.30
511	Sallyann	Strethill	sstrethille6@toplist.cz	Female	151.122.242.17
512	Gabi	Toffolini	gtoffolinie7@deliciousdays.com	Male	42.34.3.201
513	Franz	Dalgardno	fdalgardnoe8@bravesites.com	Male	115.43.36.227
514	Collen	Lowthian	clowthiane9@dmoz.org	Female	54.199.215.110
515	Brita	McGrudder	bmcgrudderea@miitbeian.gov.cn	Female	88.15.75.104
516	Cori	Dowrey	cdowreyeb@feedburner.com	Female	136.81.28.115
517	Farley	Packer	fpackerec@woothemes.com	Male	228.241.201.184
518	Buiron	Gostyke	bgostykeed@yellowbook.com	Male	157.34.233.25
519	Winston	Guerrero	wguerreroee@deliciousdays.com	Male	234.7.240.217
520	Evan	Negro	enegroef@opensource.org	Male	170.36.69.13
521	Stace	Curado	scuradoeg@weibo.com	Female	203.14.61.227
522	Hort	Keam	hkeameh@fastcompany.com	Male	224.130.129.95
523	Artemis	Hamnet	ahamnetei@huffingtonpost.com	Male	44.133.242.201
524	Valina	Grahlman	vgrahlmanej@acquirethisname.com	Female	47.226.67.50
525	Monica	Fawley	mfawleyek@tmall.com	Female	245.27.193.12
526	Eydie	Peggram	epeggramel@japanpost.jp	Female	235.229.12.45
527	Emory	Duckham	educkhamem@youku.com	Male	31.126.193.94
528	Marven	Schulkins	mschulkinsen@canalblog.com	Male	244.86.118.22
529	Merwyn	Heinlein	mheinleineo@cam.ac.uk	Male	248.1.173.135
530	Christiane	Josupeit	cjosupeitep@gov.uk	Female	20.151.133.143
531	Mersey	Jowitt	mjowitteq@so-net.ne.jp	Female	127.188.226.169
532	Lamont	Girodin	lgirodiner@tamu.edu	Male	147.10.215.183
533	Harbert	Teasell	hteaselles@cam.ac.uk	Male	97.177.12.107
534	Gregoor	Agiolfinger	gagiolfingeret@google.ru	Male	224.78.26.218
535	Nehemiah	Towson	ntowsoneu@liveinternet.ru	Male	116.46.39.206
536	Fowler	Antunes	fantunesev@cisco.com	Male	19.173.35.131
537	Aloise	Murison	amurisonew@sbwire.com	Female	27.193.101.102
538	Anthony	Howell	ahowellex@diigo.com	Male	232.60.232.40
539	Pippo	Durker	pdurkerey@hostgator.com	Male	153.53.187.219
540	Tish	Parmenter	tparmenterez@weibo.com	Female	7.29.22.200
541	Kenton	Lantiffe	klantiffef0@oakley.com	Male	122.210.201.151
542	Jakie	Igo	jigof1@webmd.com	Male	245.193.169.77
543	Bethina	Gabbetis	bgabbetisf2@example.com	Female	56.95.233.243
544	Raimondo	Calrow	rcalrowf3@nature.com	Male	44.237.173.249
545	Katharyn	Scarsbrick	kscarsbrickf4@sciencedaily.com	Female	236.55.31.222
546	Cora	Davydkov	cdavydkovf5@de.vu	Female	22.197.157.48
547	Johna	Shardlow	jshardlowf6@spiegel.de	Female	120.166.101.73
548	Kaspar	Horrell	khorrellf7@furl.net	Male	216.206.14.1
549	Ashia	Say	asayf8@soup.io	Female	171.139.116.101
550	Joshua	Andrioni	jandrionif9@parallels.com	Male	208.95.159.191
551	Alvin	Perillo	aperillofa@paypal.com	Male	149.114.1.122
552	Meara	Coutts	mcouttsfb@twitter.com	Female	64.138.147.174
553	Barton	Worstall	bworstallfc@amazon.co.uk	Male	56.163.189.77
554	Adrien	Weare	awearefd@weibo.com	Male	247.109.211.229
555	Siegfried	Learmount	slearmountfe@4shared.com	Male	85.179.108.66
556	Anne-marie	Giller	agillerff@soundcloud.com	Female	31.58.6.237
557	Gabbi	Tinker	gtinkerfg@eventbrite.com	Female	182.235.51.15
558	Toddy	Blomefield	tblomefieldfh@walmart.com	Male	75.148.154.173
559	Sigfried	Rodie	srodiefi@last.fm	Male	84.164.73.162
560	Ailene	Fish	afishfj@accuweather.com	Female	46.198.180.192
561	Amelia	Kearsley	akearsleyfk@123-reg.co.uk	Female	211.250.6.62
562	Teodoor	Whitlaw	twhitlawfl@stanford.edu	Male	181.82.189.86
563	Maye	Mardell	mmardellfm@uol.com.br	Female	167.132.246.25
564	Tab	Brealey	tbrealeyfn@blogs.com	Male	155.232.200.85
565	Aldis	Danell	adanellfo@g.co	Male	110.145.146.15
566	Ossie	MacAscaidh	omacascaidhfp@myspace.com	Male	170.94.41.90
567	Ronnica	Dzenisenka	rdzenisenkafq@epa.gov	Female	109.86.228.88
568	Tiffy	Hellwich	thellwichfr@abc.net.au	Female	208.9.27.138
569	Mead	Bozworth	mbozworthfs@indiegogo.com	Female	198.39.106.133
570	Lia	Horsfield	lhorsfieldft@dell.com	Female	10.82.116.250
571	Inigo	Spritt	isprittfu@sakura.ne.jp	Male	255.71.62.231
572	Jeri	Tapply	jtapplyfv@dagondesign.com	Female	220.230.225.50
573	Kathleen	Dwelley	kdwelleyfw@last.fm	Female	47.173.137.169
574	Shelba	MacMaykin	smacmaykinfx@moonfruit.com	Female	122.32.188.13
575	Emerson	Emerson	eemersonfy@1und1.de	Male	215.149.154.206
576	Claudetta	Mercer	cmercerfz@un.org	Female	205.233.12.63
577	Sondra	Mulrean	smulreang0@instagram.com	Female	144.41.91.7
578	Faun	Quinane	fquinaneg1@wikipedia.org	Female	228.187.25.120
579	Archibald	Shaddick	ashaddickg2@ask.com	Male	175.12.120.234
580	Bord	Crighten	bcrighteng3@google.nl	Male	193.22.205.174
581	Meggie	Ruppelin	mruppeling4@ning.com	Female	162.254.43.200
582	Yvonne	Dmitr	ydmitrg5@mapquest.com	Female	178.232.123.227
583	Raymund	McCobb	rmccobbg6@devhub.com	Male	65.68.58.209
584	Tracie	Witty	twittyg7@usda.gov	Male	203.43.233.200
585	Hana	Sacchetti	hsacchettig8@discuz.net	Female	59.112.124.163
586	Bonnee	Mallabone	bmallaboneg9@360.cn	Female	129.218.127.142
587	Cher	Martine	cmartinega@paypal.com	Female	43.242.126.225
588	Payton	Edelheit	pedelheitgb@mysql.com	Male	109.226.73.85
589	Irwinn	Schultze	ischultzegc@pinterest.com	Male	124.9.52.117
590	Patrick	Lohde	plohdegd@samsung.com	Male	251.217.1.236
591	Jordan	Stredder	jstredderge@nymag.com	Female	35.253.115.189
592	Andriana	Fairrie	afairriegf@sourceforge.net	Female	11.46.20.20
593	Brett	McNevin	bmcnevingg@usatoday.com	Female	26.48.17.84
594	Lancelot	Rousell	lrousellgh@virginia.edu	Male	10.27.60.6
595	Norah	MacKill	nmackillgi@csmonitor.com	Female	126.211.117.62
596	Tommie	Pote	tpotegj@acquirethisname.com	Male	247.217.149.223
597	Rochelle	Juarez	rjuarezgk@examiner.com	Female	206.220.49.228
598	Christen	Sute	csutegl@youtu.be	Female	134.215.67.29
599	Jeffrey	Silverthorn	jsilverthorngm@1und1.de	Male	136.146.254.198
600	Christina	Whitsey	cwhitseygn@nationalgeographic.com	Female	8.156.31.185
601	Kristal	Illing	killinggo@sogou.com	Female	174.129.184.229
602	Lucho	Matterdace	lmatterdacegp@alexa.com	Male	120.231.137.174
603	Eldridge	Forsdicke	eforsdickegq@walmart.com	Male	221.158.235.187
604	Gaile	Botte	gbottegr@usa.gov	Male	100.166.100.196
605	Padraic	Elvey	pelveygs@cmu.edu	Male	171.228.42.127
606	Dorris	Agott	dagottgt@foxnews.com	Female	239.37.114.130
607	Dex	Charity	dcharitygu@smh.com.au	Male	28.36.83.238
608	Janenna	Dundridge	jdundridgegv@telegraph.co.uk	Female	112.90.102.179
609	Allis	Waller-Bridge	awallerbridgegw@webs.com	Female	112.43.183.59
610	Rahel	Stockton	rstocktongx@loc.gov	Female	146.179.236.209
611	Pancho	Perch	pperchgy@weebly.com	Male	149.47.1.144
612	Jillie	Newbigging	jnewbigginggz@hao123.com	Female	81.100.73.200
613	Mohandas	Giacopini	mgiacopinih0@patch.com	Male	191.95.135.29
614	Cecil	O'Grogane	cogroganeh1@google.co.jp	Female	49.147.161.184
615	Shayla	McVeighty	smcveightyh2@storify.com	Female	136.71.82.198
616	Bea	Maplestone	bmaplestoneh3@auda.org.au	Female	7.61.118.131
617	Malinde	Murrigan	mmurriganh4@prlog.org	Female	202.192.110.160
618	Nap	Cran	ncranh5@addtoany.com	Male	152.143.40.175
619	Devora	Albery	dalberyh6@zimbio.com	Female	191.117.97.32
620	Bernadette	Waulker	bwaulkerh7@vinaora.com	Female	3.162.5.172
621	Antonin	Haseley	ahaseleyh8@dyndns.org	Male	205.36.81.0
622	Koo	Toretta	ktorettah9@icq.com	Female	233.234.60.8
623	Dicky	Laycock	dlaycockha@home.pl	Male	144.218.232.176
624	Datha	Casali	dcasalihb@wordpress.com	Female	112.195.222.29
625	Aksel	Brearty	abreartyhc@cbc.ca	Male	11.130.216.161
626	Janeen	Hallworth	jhallworthhd@twitter.com	Female	61.192.59.62
627	Haskell	Dulanty	hdulantyhe@blog.com	Male	212.160.111.28
628	Bellanca	Gilgryst	bgilgrysthf@marketwatch.com	Female	30.88.131.43
629	Lorianna	Bruntjen	lbruntjenhg@hexun.com	Female	209.85.47.84
630	Joni	Menichelli	jmenichellihh@mac.com	Female	2.199.186.202
631	Zaccaria	Christley	zchristleyhi@imdb.com	Male	109.15.219.203
632	Codi	Dennehy	cdennehyhj@who.int	Male	1.144.206.131
633	Beverlee	Currall	bcurrallhk@xrea.com	Female	241.10.122.17
634	Nanon	Conyer	nconyerhl@mayoclinic.com	Female	86.50.113.232
635	Colene	Learmonth	clearmonthhm@mozilla.com	Female	83.45.12.112
636	Brose	Duchesne	bduchesnehn@alexa.com	Male	68.149.155.117
637	Dennis	Bassford	dbassfordho@xing.com	Male	195.38.226.63
638	Mikkel	Connue	mconnuehp@google.nl	Male	34.122.121.79
639	Cami	Mallinar	cmallinarhq@forbes.com	Female	81.110.12.49
640	Hashim	Ingry	hingryhr@de.vu	Male	52.79.13.37
641	Licha	Downham	ldownhamhs@mashable.com	Female	47.221.174.81
642	Dino	Rushworth	drushworthht@gizmodo.com	Male	242.100.210.165
643	Noel	Pales	npaleshu@alibaba.com	Female	8.192.230.209
644	Andres	Poynter	apoynterhv@omniture.com	Male	189.63.208.79
645	Samantha	Isack	sisackhw@fema.gov	Female	55.65.173.251
646	Meghan	Lanfranchi	mlanfranchihx@multiply.com	Female	167.28.120.108
647	Margit	Whife	mwhifehy@plala.or.jp	Female	149.112.74.67
648	Jethro	Antonio	jantoniohz@youku.com	Male	68.117.222.239
649	Chrissy	Gersam	cgersami0@trellian.com	Male	134.251.233.28
650	Maxie	Senussi	msenussii1@odnoklassniki.ru	Female	33.219.69.45
651	Gilles	Roubottom	groubottomi2@hugedomains.com	Male	65.58.86.140
652	Noll	Boecke	nboeckei3@blinklist.com	Male	150.210.212.48
653	Nissa	Obert	noberti4@cam.ac.uk	Female	149.124.44.37
654	Garreth	Shute	gshutei5@cmu.edu	Male	172.189.177.226
655	Sullivan	Bowra	sbowrai6@redcross.org	Male	128.209.191.238
656	Baxy	Waycot	bwaycoti7@chron.com	Male	240.14.227.42
657	Flor	Queyos	fqueyosi8@ucoz.com	Female	205.160.196.186
658	Nikki	Issacof	nissacofi9@hp.com	Male	47.243.92.183
659	Iona	Iacobacci	iiacobacciia@weibo.com	Female	220.92.242.212
660	Jacky	McMeekin	jmcmeekinib@xinhuanet.com	Male	17.145.218.119
661	Simonette	Hinemoor	shinemooric@ibm.com	Female	155.29.20.230
662	Shoshana	Metcalfe	smetcalfeid@ycombinator.com	Female	168.37.190.212
663	Nickie	Legon	nlegonie@hhs.gov	Female	0.103.196.117
664	Ardyth	Roskelly	aroskellyif@irs.gov	Female	30.151.16.175
665	Cherise	Cherry Holme	ccherryholmeig@whitehouse.gov	Female	237.170.121.253
666	Melanie	Chaytor	mchaytorih@go.com	Female	76.141.43.74
667	Chris	Christon	cchristonii@stumbleupon.com	Male	245.223.122.43
668	Alfreda	De Rechter	aderechterij@free.fr	Female	235.209.168.61
669	Obediah	Josephson	ojosephsonik@wordpress.org	Male	148.152.224.237
670	Ruperto	Inker	rinkeril@people.com.cn	Male	183.151.167.20
671	Olag	Slimming	oslimmingim@dell.com	Male	125.84.236.207
672	Horton	Aslen	haslenin@github.com	Male	185.224.33.227
673	Cecilia	Louisot	clouisotio@usgs.gov	Female	67.42.82.101
674	Gussie	Giacopazzi	ggiacopazziip@hexun.com	Female	156.44.132.20
675	Abbye	Handforth	ahandforthiq@marriott.com	Female	252.97.219.161
676	Karil	Attrill	kattrillir@networksolutions.com	Female	236.92.84.90
677	Susann	Donnelly	sdonnellyis@auda.org.au	Female	196.205.87.101
678	Riobard	Ridett	rridettit@infoseek.co.jp	Male	43.149.7.111
679	Paten	Fleetwood	pfleetwoodiu@cpanel.net	Male	225.180.206.58
680	Jaquenetta	Whayman	jwhaymaniv@loc.gov	Female	249.68.131.207
681	Nalani	Rising	nrisingiw@etsy.com	Female	172.242.195.72
682	Currie	Attard	cattardix@marriott.com	Male	99.216.194.92
683	Cody	Parker	cparkeriy@storify.com	Female	77.192.180.248
684	Cheryl	Ream	creamiz@bandcamp.com	Female	84.197.19.13
685	Clarance	Kevane	ckevanej0@independent.co.uk	Male	48.123.137.156
686	Tabitha	Walrond	twalrondj1@tiny.cc	Female	114.102.6.217
687	Star	Hesbrook	shesbrookj2@ehow.com	Female	72.142.231.51
688	Amil	Mateu	amateuj3@hatena.ne.jp	Female	149.70.48.254
689	Murry	Haisell	mhaisellj4@cdc.gov	Male	109.93.246.136
690	Benjamen	Cullinane	bcullinanej5@tripod.com	Male	9.42.177.10
691	Maury	Truss	mtrussj6@spotify.com	Male	42.47.12.122
692	Jason	Ingerman	jingermanj7@joomla.org	Male	207.100.7.195
693	Basilio	Rodda	broddaj8@soundcloud.com	Male	193.208.254.202
694	Idette	Pexton	ipextonj9@hexun.com	Female	173.8.5.136
695	Aldridge	Crose	acroseja@si.edu	Male	229.184.201.5
696	Taddeo	Blinman	tblinmanjb@youku.com	Male	40.185.119.158
697	Averill	Linzee	alinzeejc@shareasale.com	Male	133.121.129.177
698	Hedy	O'Kennavain	hokennavainjd@wunderground.com	Female	42.69.35.172
699	Chevalier	Kersley	ckersleyje@java.com	Male	100.228.208.213
700	Gerri	Dansken	gdanskenjf@thetimes.co.uk	Female	113.244.141.227
701	Findley	Bernadot	fbernadotjg@sohu.com	Male	70.147.140.169
702	Daisie	Grichukhin	dgrichukhinjh@sun.com	Female	173.195.103.214
703	Sauncho	Golland	sgollandji@accuweather.com	Male	119.236.165.237
704	Jozef	Jarnell	jjarnelljj@canalblog.com	Male	208.1.204.247
705	Janetta	Boldry	jboldryjk@com.com	Female	224.91.120.47
706	Daniella	McAllen	dmcallenjl@icq.com	Female	101.81.255.71
707	Sunny	Laherty	slahertyjm@oakley.com	Male	69.246.180.115
708	Lillis	Duddell	lduddelljn@quantcast.com	Female	144.250.68.206
709	Ludovika	Darwin	ldarwinjo@sohu.com	Female	36.229.39.28
710	Audra	Grigoryev	agrigoryevjp@dailymotion.com	Female	222.21.208.31
711	Alix	Guiver	aguiverjq@over-blog.com	Female	100.195.129.66
712	Bea	Reschke	breschkejr@gnu.org	Female	45.79.68.63
713	Tades	Aylwin	taylwinjs@mac.com	Male	255.77.116.179
714	Torin	Walding	twaldingjt@utexas.edu	Male	134.221.1.230
715	Elliott	Burt	eburtju@stanford.edu	Male	139.172.101.188
716	Bentlee	Bonnyson	bbonnysonjv@bloglines.com	Male	24.20.35.98
717	Bondon	Pryell	bpryelljw@issuu.com	Male	96.173.224.185
718	Hillery	Matisoff	hmatisoffjx@earthlink.net	Male	198.182.147.131
719	Constantine	Raatz	craatzjy@bbc.co.uk	Male	97.146.39.249
720	Shepard	Burchess	sburchessjz@tinyurl.com	Male	94.67.4.7
721	Megen	Tombleson	mtomblesonk0@e-recht24.de	Female	32.198.114.228
722	Gard	Aidler	gaidlerk1@youtu.be	Male	199.20.223.77
723	Gracia	Demonge	gdemongek2@flavors.me	Female	66.133.225.8
724	Orion	Bladon	obladonk3@unc.edu	Male	56.167.126.125
725	Peggy	Cockrill	pcockrillk4@altervista.org	Female	173.116.231.89
726	Rod	Volonte	rvolontek5@bandcamp.com	Male	78.140.6.93
727	Jacklin	Whittick	jwhittickk6@time.com	Female	202.184.206.123
728	Papageno	Amery	pameryk7@amazon.com	Male	162.248.149.168
729	Tobe	Sheldon	tsheldonk8@slate.com	Male	247.20.13.197
730	Mari	Asp	maspk9@fda.gov	Female	15.43.41.90
731	Farand	Cullen	fcullenka@theatlantic.com	Female	11.113.253.82
732	Nels	Betteney	nbetteneykb@slashdot.org	Male	206.248.10.92
733	Derrek	Thurner	dthurnerkc@mozilla.org	Male	198.47.249.235
734	Gasparo	McNeice	gmcneicekd@boston.com	Male	42.232.80.138
735	Junie	Klaaasen	jklaaasenke@chicagotribune.com	Female	93.38.119.82
736	Vincent	Colegrove	vcolegrovekf@vkontakte.ru	Male	70.101.64.230
737	Dorice	Pillans	dpillanskg@elegantthemes.com	Female	18.136.91.221
738	Arnoldo	Dimitrie	adimitriekh@home.pl	Male	126.227.157.78
739	Sonya	Luckes	sluckeski@simplemachines.org	Female	208.48.33.55
740	Kristin	Spillard	kspillardkj@vinaora.com	Female	193.62.125.219
741	Pail	Dorken	pdorkenkk@gov.uk	Male	7.45.102.192
742	Carlyn	Nigh	cnighkl@paginegialle.it	Female	96.41.80.209
743	Sinclare	Kennett	skennettkm@google.cn	Male	117.119.102.176
744	Emelda	Gilder	egilderkn@independent.co.uk	Female	254.232.19.10
745	Conni	Bugbird	cbugbirdko@walmart.com	Female	133.49.31.88
746	Alfredo	Janecek	ajanecekkp@harvard.edu	Male	229.150.146.169
747	Halsey	Pley	hpleykq@1und1.de	Male	62.191.141.250
748	Roberto	Jaggar	rjaggarkr@drupal.org	Male	160.107.56.92
749	Gerladina	Giacovetti	ggiacovettiks@storify.com	Female	46.2.116.193
750	Leann	Stowe	lstowekt@csmonitor.com	Female	81.121.127.107
751	Kerrill	Culverhouse	kculverhouseku@wsj.com	Female	61.36.91.21
752	Sammy	Gerrard	sgerrardkv@ebay.co.uk	Male	24.163.88.36
753	Say	Jiras	sjiraskw@issuu.com	Male	194.231.31.125
754	Bobbie	Baswall	bbaswallkx@youku.com	Female	241.205.193.166
755	Trace	Stutard	tstutardky@umn.edu	Male	195.118.210.98
756	Ly	Bedborough	lbedboroughkz@livejournal.com	Male	233.200.72.175
757	Jehu	Dirand	jdirandl0@marriott.com	Male	55.204.73.148
758	Chrystel	Quennell	cquennelll1@nih.gov	Female	127.80.249.115
759	Melicent	Aasaf	maasafl2@wp.com	Female	33.248.73.126
760	Ninette	Matton	nmattonl3@plala.or.jp	Female	29.198.213.146
761	Michell	Antonio	mantoniol4@gmpg.org	Female	0.104.199.244
762	Rene	Domaschke	rdomaschkel5@woothemes.com	Male	167.221.171.73
763	Caressa	Volk	cvolkl6@twitter.com	Female	201.59.87.3
764	Bobinette	Hould	bhouldl7@storify.com	Female	236.112.212.63
765	Ignacius	Rheaume	irheaumel8@virginia.edu	Male	218.218.248.175
766	Amandie	McCarlie	amccarliel9@cam.ac.uk	Female	24.240.171.254
767	Lincoln	Menhci	lmenhcila@pen.io	Male	227.142.84.82
768	Edita	Norvell	enorvelllb@weebly.com	Female	86.139.93.183
769	Henderson	Gaber	hgaberlc@gizmodo.com	Male	143.199.57.188
770	Hertha	McCaughey	hmccaugheyld@google.cn	Female	120.212.186.98
771	Annissa	Sole	asolele@nature.com	Female	61.4.186.165
772	Buffy	Gibbings	bgibbingslf@sphinn.com	Female	186.152.55.26
773	Maye	Corwood	mcorwoodlg@accuweather.com	Female	25.26.191.114
774	Emilio	Disman	edismanlh@marketwatch.com	Male	23.226.132.32
775	Jim	Nudde	jnuddeli@usatoday.com	Male	200.85.206.0
776	Gardie	Oldershaw	goldershawlj@census.gov	Male	241.243.214.155
777	Judas	Laherty	jlahertylk@barnesandnoble.com	Male	52.70.90.191
778	Klaus	Faulkener	kfaulkenerll@latimes.com	Male	172.81.155.154
779	Beulah	Lewzey	blewzeylm@ycombinator.com	Female	97.36.23.101
780	Thorny	Adamthwaite	tadamthwaiteln@studiopress.com	Male	254.155.197.87
781	Levi	Barbisch	lbarbischlo@imageshack.us	Male	162.57.125.160
782	Van	Cobello	vcobellolp@sun.com	Male	204.136.165.126
783	Wildon	Prudence	wprudencelq@devhub.com	Male	223.13.226.240
784	Elwin	Bletsoe	ebletsoelr@naver.com	Male	87.236.43.220
785	Egbert	Geldert	egeldertls@elegantthemes.com	Male	196.85.25.79
786	Forest	Chree	fchreelt@amazonaws.com	Male	39.92.36.242
787	Emmaline	Perotti	eperottilu@amazon.co.uk	Female	133.89.226.201
788	Graig	Croxon	gcroxonlv@vimeo.com	Male	207.166.242.5
789	Tanney	Allwood	tallwoodlw@sfgate.com	Male	66.199.26.88
790	Agneta	Capes	acapeslx@fastcompany.com	Female	156.179.5.216
791	Aaron	Tissier	atissierly@tamu.edu	Male	65.59.247.49
792	Jamaal	Pedersen	jpedersenlz@imdb.com	Male	164.210.208.37
793	Rainer	Swiers	rswiersm0@huffingtonpost.com	Male	224.196.3.138
794	Mendy	Vallentin	mvallentinm1@desdev.cn	Male	32.233.145.94
795	Emile	Errington	eerringtonm2@tripod.com	Male	22.118.227.62
796	Imelda	Le Houx	ilehouxm3@mozilla.org	Female	147.136.50.90
797	Waring	Luff	wluffm4@digg.com	Male	145.137.129.79
798	Mic	Luckham	mluckhamm5@mozilla.org	Male	124.165.7.178
799	Melvin	MacTerrelly	mmacterrellym6@va.gov	Male	8.20.75.214
800	Dewey	Gaul	dgaulm7@nhs.uk	Male	57.209.51.125
801	Hadrian	Chable	hchablem8@yolasite.com	Male	168.55.191.184
802	Kariotta	Spurgeon	kspurgeonm9@topsy.com	Female	104.106.28.115
803	Linoel	Bowmer	lbowmerma@godaddy.com	Male	195.65.22.192
804	Lazaro	Bend	lbendmb@usa.gov	Male	109.129.253.119
805	Juieta	Mc Gorley	jmcgorleymc@hexun.com	Female	22.54.24.187
806	Netty	Leverentz	nleverentzmd@mit.edu	Female	57.25.232.69
807	Eb	Joe	ejoeme@yahoo.com	Male	42.46.219.124
808	Cassius	Kubasiewicz	ckubasiewiczmf@stumbleupon.com	Male	67.134.86.108
809	Brittney	Pobjay	bpobjaymg@bbb.org	Female	104.110.165.133
810	Stephi	Justham	sjusthammh@netlog.com	Female	83.121.80.37
811	Giuseppe	Shmyr	gshmyrmi@google.it	Male	88.11.104.58
812	Corella	Moyle	cmoylemj@deliciousdays.com	Female	228.37.88.249
813	Onofredo	McPaike	omcpaikemk@yellowbook.com	Male	244.178.229.4
814	Elizabet	Bompass	ebompassml@ibm.com	Female	60.136.171.156
815	Gabriello	Le Jean	glejeanmm@ifeng.com	Male	66.198.97.157
816	Lynelle	Bramwich	lbramwichmn@elegantthemes.com	Female	131.161.143.163
817	Harlin	Westpfel	hwestpfelmo@google.cn	Male	96.184.8.185
818	Filmer	Skipsey	fskipseymp@omniture.com	Male	115.4.41.102
819	Urson	Tregust	utregustmq@issuu.com	Male	255.247.62.236
820	Karon	Connor	kconnormr@ifeng.com	Female	218.172.173.224
821	Aluin	Loveitt	aloveittms@gov.uk	Male	118.166.110.63
822	Anitra	Eborall	aeborallmt@sina.com.cn	Female	248.96.103.206
823	Clemmy	Cromblehome	ccromblehomemu@zdnet.com	Female	222.18.238.63
824	Mag	Kornilov	mkornilovmv@sogou.com	Female	203.21.111.56
825	Curcio	Liversidge	cliversidgemw@hud.gov	Male	139.107.98.150
826	Bertina	Farreil	bfarreilmx@goodreads.com	Female	168.29.181.88
827	Goran	Tootal	gtootalmy@salon.com	Male	131.139.230.89
828	Brunhilda	Bursnoll	bbursnollmz@jiathis.com	Female	79.64.22.191
829	Stavro	Skayman	sskaymann0@apache.org	Male	190.107.70.95
830	Reinhold	Atterbury	ratterburyn1@moonfruit.com	Male	25.26.188.65
831	Miles	Catlin	mcatlinn2@engadget.com	Male	72.56.151.42
832	Cirstoforo	Dunkerton	cdunkertonn3@buzzfeed.com	Male	74.56.189.203
833	Aharon	Alelsandrowicz	aalelsandrowiczn4@usgs.gov	Male	196.47.116.161
834	Kean	Bennetts	kbennettsn5@wisc.edu	Male	177.97.62.82
835	Marlo	Worssam	mworssamn6@springer.com	Male	66.93.100.15
836	Mattheus	Radmore	mradmoren7@hubpages.com	Male	44.87.100.214
837	Lorrayne	Fearnyough	lfearnyoughn8@nydailynews.com	Female	167.158.49.94
838	Katee	Maccaddie	kmaccaddien9@aol.com	Female	34.90.98.184
839	Lil	Bonnefin	lbonnefinna@hexun.com	Female	142.171.210.33
840	Quincey	Dyett	qdyettnb@foxnews.com	Male	217.145.41.77
841	Donaugh	Aloshechkin	daloshechkinnc@sciencedaily.com	Male	208.111.195.66
842	Elga	Eadington	eeadingtonnd@discuz.net	Female	116.233.237.238
843	Lion	Bonicelli	lbonicelline@bloomberg.com	Male	82.220.240.209
844	Kathlin	Spofford	kspoffordnf@ask.com	Female	16.66.188.112
845	Benn	Lukehurst	blukehurstng@unc.edu	Male	163.36.82.42
846	Erwin	Pryn	eprynnh@is.gd	Male	217.210.109.66
847	Inness	Tuxell	ituxellni@intel.com	Male	255.208.6.177
848	Tonye	Smith	tsmithnj@ed.gov	Female	54.212.56.190
849	Alison	Spreckley	aspreckleynk@usda.gov	Female	220.209.247.12
850	Kennedy	Gullan	kgullannl@odnoklassniki.ru	Male	100.136.199.68
851	Franchot	Mundie	fmundienm@twitpic.com	Male	18.22.166.129
852	Cleon	Normington	cnormingtonnn@slate.com	Male	245.151.61.56
853	Delano	Danniell	ddanniellno@clickbank.net	Male	52.234.197.12
854	Renie	Curtain	rcurtainnp@ibm.com	Female	17.154.8.238
855	Mata	Templman	mtemplmannq@canalblog.com	Male	48.48.191.237
856	Elliott	Tripet	etripetnr@mtv.com	Male	91.94.93.57
857	Ambrosi	Blowen	ablowenns@diigo.com	Male	27.254.185.30
858	Constantin	Lissenden	clissendennt@shareasale.com	Male	29.209.138.189
859	Gauthier	Screase	gscreasenu@example.com	Male	107.173.78.27
860	Tucky	Hurley	thurleynv@marketwatch.com	Male	55.2.201.53
861	Joya	Neill	jneillnw@yahoo.com	Female	99.203.110.231
862	Darbie	Cohrs	dcohrsnx@wikispaces.com	Female	21.54.192.10
863	Lynnett	Tapscott	ltapscottny@w3.org	Female	40.41.97.11
864	Maurine	Gayden	mgaydennz@vkontakte.ru	Female	38.219.211.133
865	Tibold	Grzelewski	tgrzelewskio0@yahoo.co.jp	Male	131.140.23.249
866	Devan	MacGauhy	dmacgauhyo1@independent.co.uk	Female	17.52.52.157
867	Deonne	Giacopetti	dgiacopettio2@about.me	Female	236.173.235.184
868	Allianora	Oels	aoelso3@domainmarket.com	Female	64.46.136.158
869	Gasparo	Lamport	glamporto4@google.ca	Male	207.253.81.86
870	Tymon	Wattingham	twattinghamo5@cocolog-nifty.com	Male	111.128.198.123
871	Denver	Millom	dmillomo6@shutterfly.com	Male	18.249.54.110
872	Normy	Pendrid	npendrido7@a8.net	Male	251.131.241.129
873	Bathsheba	Pietruszka	bpietruszkao8@berkeley.edu	Female	209.124.208.73
874	Yvor	Downse	ydownseo9@state.tx.us	Male	1.131.241.220
875	Sloan	Harvie	sharvieoa@bloglovin.com	Male	37.152.183.230
876	Lin	Rodolico	lrodolicoob@prnewswire.com	Male	108.232.161.169
877	Randi	Treace	rtreaceoc@edublogs.org	Female	136.152.250.72
878	Gabriela	Caustic	gcausticod@independent.co.uk	Female	199.228.37.184
879	Cyndia	Greenway	cgreenwayoe@amazon.co.jp	Female	134.207.221.219
880	Broderic	Freemantle	bfreemantleof@aol.com	Male	92.157.194.200
881	Jemmie	Finnis	jfinnisog@mysql.com	Female	242.136.162.212
882	Katha	Knobell	kknobelloh@bigcartel.com	Female	10.102.7.90
883	Cooper	Rivett	crivettoi@fda.gov	Male	255.195.43.201
884	Yasmin	Seers	yseersoj@sakura.ne.jp	Female	103.207.59.168
885	Ermin	Wintle	ewintleok@ucla.edu	Male	55.10.207.58
886	Abel	Leale	alealeol@oracle.com	Male	229.146.229.213
887	Ulrikaumeko	Hellings	uhellingsom@nydailynews.com	Female	11.64.87.229
888	Gerrie	Sidery	gsideryon@cornell.edu	Male	19.74.153.105
889	Corny	Bardsley	cbardsleyoo@creativecommons.org	Male	145.185.243.122
890	Neill	Lettington	nlettingtonop@japanpost.jp	Male	226.71.182.6
891	Sibbie	Ondrousek	sondrousekoq@gmpg.org	Female	1.93.84.112
892	Tadeo	Petronis	tpetronisor@github.io	Male	118.107.90.226
893	Allix	McRobb	amcrobbos@issuu.com	Female	173.123.144.108
894	Nicolai	Forsey	nforseyot@intel.com	Male	44.118.248.221
895	Karrah	Pendleberry	kpendleberryou@jimdo.com	Female	180.161.139.248
896	Mario	Knapp	mknappov@yahoo.com	Male	17.77.217.41
897	Vanni	Fruser	vfruserow@blogs.com	Female	164.253.150.70
898	Gweneth	Kennefick	gkennefickox@slate.com	Female	22.138.23.241
899	Ruttger	Jarrell	rjarrelloy@craigslist.org	Male	240.90.178.129
900	Carma	Advani	cadvanioz@mail.ru	Female	141.5.143.198
901	Cad	Matveiko	cmatveikop0@tiny.cc	Male	144.201.14.94
902	Durand	Annetts	dannettsp1@github.com	Male	37.33.137.6
903	Christie	Kennally	ckennallyp2@hugedomains.com	Female	55.142.107.237
904	Arline	Yitzhok	ayitzhokp3@furl.net	Female	30.246.40.99
905	Cinda	Waddup	cwaddupp4@goodreads.com	Female	107.0.124.176
906	Lind	Schultz	lschultzp5@ow.ly	Female	4.205.252.231
907	Callean	Chicchelli	cchicchellip6@theglobeandmail.com	Male	206.154.95.152
908	Ciro	Busek	cbusekp7@mozilla.org	Male	124.81.229.167
909	Cornelius	Fullard	cfullardp8@fotki.com	Male	184.116.25.74
910	Korey	Thulborn	kthulbornp9@lulu.com	Male	20.80.203.104
911	Flem	Velte	fveltepa@odnoklassniki.ru	Male	219.17.76.94
912	Marmaduke	Itzkin	mitzkinpb@arizona.edu	Male	130.3.137.250
913	Dorian	Bouette	dbouettepc@t.co	Male	200.5.118.222
914	Donn	Hollibone	dhollibonepd@ovh.net	Male	70.140.237.1
915	Bay	Varvell	bvarvellpe@dagondesign.com	Male	1.32.142.225
916	Nicki	Muggleton	nmuggletonpf@adobe.com	Female	68.161.97.180
917	Juanita	Reaman	jreamanpg@ask.com	Female	82.86.219.207
918	Candis	Minall	cminallph@tumblr.com	Female	66.155.27.28
919	Celka	McCromley	cmccromleypi@behance.net	Female	57.60.71.51
920	Graham	Vatcher	gvatcherpj@un.org	Male	237.16.103.179
921	Mack	Uren	murenpk@google.fr	Male	140.219.89.109
922	Katheryn	MacGinley	kmacginleypl@deliciousdays.com	Female	151.192.141.18
923	Elwyn	Brandolini	ebrandolinipm@economist.com	Male	215.172.150.107
924	Cass	Champain	cchampainpn@salon.com	Female	8.219.132.29
925	Dud	Jahnel	djahnelpo@webeden.co.uk	Male	218.99.183.180
926	Mona	Grieve	mgrievepp@youku.com	Female	93.167.45.119
927	Mar	Coalburn	mcoalburnpq@acquirethisname.com	Male	69.139.46.81
928	Dex	Dy	ddypr@europa.eu	Male	89.204.98.159
929	Chiquita	Braund	cbraundps@indiegogo.com	Female	209.123.100.181
930	Norton	Matzke	nmatzkept@mozilla.com	Male	53.212.126.242
931	Sandro	Kempston	skempstonpu@soup.io	Male	79.168.19.10
932	Virginia	Arnaldo	varnaldopv@hubpages.com	Female	159.75.67.111
933	Phillie	Bazire	pbazirepw@berkeley.edu	Female	88.59.245.25
934	Nike	Compson	ncompsonpx@csmonitor.com	Female	225.115.4.170
935	Barnie	Denkin	bdenkinpy@netscape.com	Male	130.1.182.25
936	Arny	Wittke	awittkepz@amazon.com	Male	154.87.97.158
937	Margit	Manoch	mmanochq0@ning.com	Female	66.31.84.198
938	Bunnie	Mohun	bmohunq1@ox.ac.uk	Female	200.201.187.227
939	Arabelle	Balas	abalasq2@reference.com	Female	16.11.239.11
940	Basilio	Briffett	bbriffettq3@mlb.com	Male	24.232.51.192
941	Caritta	Klimkin	cklimkinq4@admin.ch	Female	189.81.21.1
942	Candida	Pirelli	cpirelliq5@4shared.com	Female	120.153.106.234
943	Tomas	Woodage	twoodageq6@wordpress.org	Male	213.45.3.108
944	Jorgan	Meeke	jmeekeq7@ebay.co.uk	Male	208.43.55.6
945	Jarib	Bassill	jbassillq8@sakura.ne.jp	Male	114.51.176.17
946	Sylvester	Ramalhete	sramalheteq9@about.com	Male	250.200.51.123
947	Auguste	Duddell	aduddellqa@bloomberg.com	Female	252.223.242.198
948	Baxy	Kulicke	bkulickeqb@nih.gov	Male	80.110.79.174
949	Pincus	Dreng	pdrengqc@tiny.cc	Male	13.66.158.148
950	Kirby	Volkes	kvolkesqd@baidu.com	Female	13.231.1.147
951	Rustin	Schwandner	rschwandnerqe@google.com.hk	Male	144.131.51.160
952	Nona	Wetherick	nwetherickqf@domainmarket.com	Female	72.130.130.25
953	Maxie	Haldon	mhaldonqg@chron.com	Male	78.33.76.40
954	Melony	Baglow	mbaglowqh@walmart.com	Female	114.190.151.11
955	Luca	Craighill	lcraighillqi@ibm.com	Male	213.137.124.211
956	Marsiella	Baddow	mbaddowqj@theatlantic.com	Female	230.212.162.127
957	Camella	Claydon	cclaydonqk@ucsd.edu	Female	164.181.45.128
958	Maxy	De la Yglesias	mdelayglesiasql@printfriendly.com	Male	82.239.147.94
959	Ailyn	Terzza	aterzzaqm@toplist.cz	Female	161.24.21.48
960	Stephie	Hollow	shollowqn@noaa.gov	Female	141.216.224.60
961	Wilt	Dellenty	wdellentyqo@com.com	Male	195.91.157.91
962	Lynnelle	Fewless	lfewlessqp@symantec.com	Female	246.118.140.155
963	Damien	Morffew	dmorffewqq@bravesites.com	Male	55.79.21.161
964	Lon	Martonfi	lmartonfiqr@google.de	Male	147.26.91.113
965	Fraser	Barnewall	fbarnewallqs@opera.com	Male	200.118.148.45
966	Gerri	Chesshire	gchesshireqt@soundcloud.com	Male	183.152.50.109
967	Lin	Londesborough	llondesboroughqu@census.gov	Female	17.84.134.100
968	Garrot	Vosse	gvosseqv@businesswire.com	Male	161.23.110.216
969	Ezekiel	Lassen	elassenqw@mtv.com	Male	25.215.79.175
970	Moyna	Gover	mgoverqx@marketwatch.com	Female	68.211.248.19
971	Nerissa	Prando	nprandoqy@flavors.me	Female	237.5.186.67
972	Rickie	McGaugan	rmcgauganqz@boston.com	Female	112.31.156.136
973	Shoshanna	Welfair	swelfairr0@noaa.gov	Female	237.159.208.117
974	Dulcia	Attfield	dattfieldr1@google.it	Female	25.57.202.58
975	Farra	Aizikovitch	faizikovitchr2@ted.com	Female	136.101.74.41
976	Ursula	McTiernan	umctiernanr3@ucla.edu	Female	39.150.45.231
977	Marquita	Rossoni	mrossonir4@dropbox.com	Female	252.100.194.237
978	Gabie	Lokier	glokierr5@bigcartel.com	Male	242.106.89.72
979	Genna	Barritt	gbarrittr6@java.com	Female	216.128.116.70
980	Jami	Kaming	jkamingr7@bandcamp.com	Female	69.217.60.114
981	Maribel	O'Garmen	mogarmenr8@naver.com	Female	35.115.195.64
982	Sibbie	Bewley	sbewleyr9@mapy.cz	Female	9.36.206.253
983	Erinn	Presslie	epressliera@quantcast.com	Female	30.96.133.161
984	King	Hoyes	khoyesrb@google.com.au	Male	172.146.175.177
985	Corrina	Lenchenko	clenchenkorc@ihg.com	Female	209.94.253.75
986	Marcello	Berzins	mberzinsrd@sogou.com	Male	209.2.108.68
987	Jessie	Brauner	jbraunerre@biglobe.ne.jp	Female	94.214.225.232
988	Dorolisa	Dunckley	ddunckleyrf@wisc.edu	Female	54.95.193.102
989	Nikolos	Danzey	ndanzeyrg@techcrunch.com	Male	195.83.208.72
990	Genevra	Prestige	gprestigerh@hostgator.com	Female	14.253.208.118
991	Job	Eastby	jeastbyri@apple.com	Male	88.118.187.37
992	Natalina	Boultwood	nboultwoodrj@wsj.com	Female	237.38.61.44
993	Mag	Walding	mwaldingrk@usda.gov	Female	231.76.197.96
994	Maighdiln	O'Cuddie	mocuddierl@csmonitor.com	Female	143.187.232.95
995	Marcus	Paling	mpalingrm@1und1.de	Male	140.180.1.66
996	Anatole	Shitliff	ashitliffrn@elegantthemes.com	Male	40.233.200.215
997	Luelle	Cashin	lcashinro@alexa.com	Female	7.67.241.183
998	Bartram	Lafaye	blafayerp@miitbeian.gov.cn	Male	201.81.206.92
999	Mavis	Roggers	mroggersrq@mail.ru	Female	214.198.197.93
1000	Orton	Gray	ograyrr@cam.ac.uk	Male	143.194.40.6
